cohort	gene_symbol	n_duplicates	ensembl_ids
A	ABCF2	2	ENSG00000285292; ENSG00000033050
A	ATXN7	2	ENSG00000285258; ENSG00000163635
A	CCDC39	2	ENSG00000284862; ENSG00000145075
A	COG8	2	ENSG00000213380; ENSG00000272617
A	CYB561D2	2	ENSG00000114395; ENSG00000271858
A	DIABLO	2	ENSG00000284934; ENSG00000184047
A	EMG1	2	ENSG00000126749; ENSG00000268439
A	H2BFS	2	ENSG00000274559; ENSG00000234289
A	HSPA14	2	ENSG00000284024; ENSG00000187522
A	IGF2	2	ENSG00000284779; ENSG00000167244
A	LINC01238	2	ENSG00000237940; ENSG00000261186
A	LINC01505	2	ENSG00000234323; ENSG00000234229
A	LINC02203	2	ENSG00000280709; ENSG00000284988
A	MATR3	2	ENSG00000280987; ENSG00000015479
A	PDE11A	2	ENSG00000128655; ENSG00000284741
A	PINX1	2	ENSG00000258724; ENSG00000254093
A	POLR2J3	2	ENSG00000168255; ENSG00000285437
A	PRSS50	2	ENSG00000283706; ENSG00000206549
A	RGS5	2	ENSG00000143248; ENSG00000232995
A	SCO2	2	ENSG00000130489; ENSG00000284194
A	SOD2	2	ENSG00000112096; ENSG00000285441
A	TBCE	2	ENSG00000285053; ENSG00000284770
A	TMSB15B	2	ENSG00000158427; ENSG00000269226
A	TXNRD3NB	2	ENSG00000283374; ENSG00000206483
C	AKR1C3	2	ENSG00000196139; ENSG00000282883
C	ATRIP	2	ENSG00000282827; ENSG00000164053
C	BLOC1S5	2	ENSG00000188428; ENSG00000282913
C	C11orf71	2	ENSG00000180425; ENSG00000282682
C	C17orf100	2	ENSG00000256806; ENSG00000279257
C	C1QTNF9B-AS1	2	ENSG00000205861; ENSG00000281899
C	CAPS	2	ENSG00000105519; ENSG00000283027
C	CCDC7	2	ENSG00000216937; ENSG00000150076
C	CFAP99	2	ENSG00000206113; ENSG00000249428
C	CRHR1	2	ENSG00000263715; ENSG00000120088
C	CYB561D2	2	ENSG00000114395; ENSG00000271858
C	ECSCR	2	ENSG00000279686; ENSG00000249751
C	FAM231C	2	ENSG00000268991; ENSG00000279132
C	FBF1	2	ENSG00000188878; ENSG00000281844
C	IGHV2-70	2	ENSG00000211974; ENSG00000274576
C	LINC00864	2	ENSG00000264404; ENSG00000228055
C	LINC01297	2	ENSG00000274827; ENSG00000225255
C	LINC01422	2	ENSG00000223704; ENSG00000235271
C	LINC01481	2	ENSG00000257815; ENSG00000257613
C	MATR3	2	ENSG00000280987; ENSG00000015479
C	PABPC1L2B-AS1	2	ENSG00000226725; ENSG00000231963
C	PGM5-AS1	2	ENSG00000225655; ENSG00000224958
C	PIK3R3	2	ENSG00000117461; ENSG00000278139
C	PRICKLE2-AS1	2	ENSG00000241111; ENSG00000241572
C	PRICKLE4	2	ENSG00000124593; ENSG00000278224
C	RABL6	2	ENSG00000196642; ENSG00000282955
C	RAET1E-AS1	2	ENSG00000268592; ENSG00000223701
C	RGS5	2	ENSG00000143248; ENSG00000232995
C	SERPINA3	2	ENSG00000273259; ENSG00000196136
C	SPATA13	2	ENSG00000182957; ENSG00000228741
C	TBC1D26	2	ENSG00000255104; ENSG00000214946
C	TIMM10B	2	ENSG00000132286; ENSG00000265264
C	TMBIM4	2	ENSG00000155957; ENSG00000282031
C	TMEM256-PLSCR3	2	ENSG00000187838; ENSG00000262481
