condition	population	gene	mean_expr	pct_expr	n_cells	expr_z	low_n
Tumor	Endothelial	COL1A1	0.0186516317257684	1.28830519074422	7995	-0.599353354208682	FALSE
Tumor	Endothelial	COL1A2	0.0335613364795189	2.16385240775485	7995	-0.55931045608112	FALSE
Tumor	Endothelial	COL3A1	0.114095284217535	6.05378361475922	7995	-0.276865216377828	FALSE
Tumor	Endothelial	COL5A1	0.0182733607331883	1.26328955597248	7995	-0.361497692951224	FALSE
Tumor	Endothelial	COL6A1	0.0446936289764029	3.00187617260788	7995	-0.745413370726972	FALSE
Tumor	Endothelial	COL6A2	0.0924429203166227	6.02876797998749	7995	-0.53070926695801	FALSE
Tumor	Endothelial	FN1	0.775337693330087	33.5834896810507	7995	1.06347907974574	FALSE
Tumor	Endothelial	SPARC	1.90247910065879	67.8674171357098	7995	1.72598014912512	FALSE
Tumor	Endothelial	DCN	0.00459831544883852	0.275171982489056	7995	-0.375833851834561	FALSE
Tumor	Endothelial	LUM	0.00182669887745853	0.137585991244528	7995	-0.374908434594535	FALSE
Tumor	Lymphoid	COL1A1	0.0104511450267058	0.685960435105247	55251	-0.633100132702655	FALSE
Tumor	Lymphoid	COL1A2	0.0104535506683817	0.682340591120523	55251	-0.614752312555957	FALSE
Tumor	Lymphoid	COL3A1	0.0077360731912099	0.514017845830845	55251	-0.628059591942759	FALSE
Tumor	Lymphoid	COL5A1	0.0044782015579214	0.296827206747389	55251	-0.437800616811703	FALSE
Tumor	Lymphoid	COL6A1	0.00675384132279508	0.432571356174549	55251	-0.958321178619044	FALSE
Tumor	Lymphoid	COL6A2	0.0243650891945734	1.37011094821813	55251	-0.716539331701458	FALSE
Tumor	Lymphoid	FN1	0.0377432614186233	2.30946046225408	55251	-0.869783534701725	FALSE
Tumor	Lymphoid	SPARC	0.0347466001050221	1.97281497167472	55251	-0.916373729680493	FALSE
Tumor	Lymphoid	DCN	0.00151845446291298	0.101355631572279	55251	-0.385367542694635	FALSE
Tumor	Lymphoid	LUM	0.00198928763097549	0.153843369350781	55251	-0.374165326249535	FALSE
Tumor	Malignant_epithelial	COL1A1	0.0392739575372083	2.71728799239624	94690	-0.514488017951415	FALSE
Tumor	Malignant_epithelial	COL1A2	0.0176379173034075	1.37290104551695	94690	-0.597515065028341	FALSE
Tumor	Malignant_epithelial	COL3A1	0.0153505087106532	1.2789101277854	94690	-0.602916993556349	FALSE
Tumor	Malignant_epithelial	COL5A1	0.0274888216596419	1.87136973281234	94690	-0.3105257103538	FALSE
Tumor	Malignant_epithelial	COL6A1	0.0981045482506537	7.73682543035167	94690	-0.445685764341705	FALSE
Tumor	Malignant_epithelial	COL6A2	0.116736917652091	8.76650121448939	94690	-0.464394652885868	FALSE
Tumor	Malignant_epithelial	FN1	0.114023826024001	7.34290843806104	94690	-0.669849319663857	FALSE
Tumor	Malignant_epithelial	SPARC	0.103799263469271	8.16664906537121	94690	-0.818682238619389	FALSE
Tumor	Malignant_epithelial	DCN	0.00266955912695682	0.192206146372373	94690	-0.381804305241797	FALSE
Tumor	Malignant_epithelial	LUM	0.00131738769678889	0.0876544513676206	94690	-0.377236230216133	FALSE
Tumor	Myeloid	COL1A1	0.0179356195845501	1.49021610454725	43081	-0.602299899214535	FALSE
Tumor	Myeloid	COL1A2	0.0199558713362399	1.58074325108517	43081	-0.591953663522636	FALSE
Tumor	Myeloid	COL3A1	0.0159931678813062	1.36254961583993	43081	-0.60079495556866	FALSE
Tumor	Myeloid	COL5A1	0.0110381061620152	0.933125972006221	43081	-0.401516881685574	FALSE
Tumor	Myeloid	COL6A1	0.0222058173709862	1.71073094867807	43081	-0.871608876007927	FALSE
Tumor	Myeloid	COL6A2	0.0247899659303863	1.83839743738539	43081	-0.715379558100819	FALSE
Tumor	Myeloid	FN1	0.266390018131453	16.1904319769736	43081	-0.270491827032439	FALSE
Tumor	Myeloid	SPARC	0.0548189517416847	3.87409763004573	43081	-0.887976592409411	FALSE
Tumor	Myeloid	DCN	0.00200148947467903	0.192660337503772	43081	-0.38387231076767	FALSE
Tumor	Myeloid	LUM	0.00234865576840022	0.229799679673174	43081	-0.372522842030478	FALSE
Tumor	Nonmalignant_epithelial	COL1A1	0.0126924725265162	0.902314633189486	2549	-0.623876584705535	FALSE
Tumor	Nonmalignant_epithelial	COL1A2	0.00836004804601847	0.745390349156532	2549	-0.619775194145193	FALSE
Tumor	Nonmalignant_epithelial	COL3A1	0.0039208343994346	0.313848568065908	2549	-0.640657376301812	FALSE
Tumor	Nonmalignant_epithelial	COL5A1	0.00406882977062157	0.313848568065908	2549	-0.440064908504181	FALSE
Tumor	Nonmalignant_epithelial	COL6A1	0.0891189542703746	5.02157708905453	2549	-0.496110482962066	FALSE
Tumor	Nonmalignant_epithelial	COL6A2	0.0159776598881099	0.980776775205963	2549	-0.739434252197043	FALSE
Tumor	Nonmalignant_epithelial	FN1	0.0362327797320245	2.51078854452727	2549	-0.873742563740138	FALSE
Tumor	Nonmalignant_epithelial	SPARC	0.0352404989235681	1.76539819537073	2549	-0.915674991794561	FALSE
Tumor	Nonmalignant_epithelial	DCN	0.00444676909269481	0.235386426049431	2549	-0.376302962653863	FALSE
Tumor	Nonmalignant_epithelial	LUM	0.00221501013053713	0.117693213024716	2549	-0.373133666497858	FALSE
Tumor	Pericyte	COL1A1	0.405312197073943	21.0108604845447	11970	0.991838599392153	FALSE
Tumor	Pericyte	COL1A2	0.97412910594912	46.390977443609	11970	1.69736717222969	FALSE
Tumor	Pericyte	COL3A1	0.652905132066544	33.8429406850459	11970	1.50226595841749	FALSE
Tumor	Pericyte	COL5A1	0.0689531959760434	4.49456975772765	11970	-0.081180549765931	FALSE
Tumor	Pericyte	COL6A1	0.590131880709391	32.2639933166249	11970	2.31543830238227	FALSE
Tumor	Pericyte	COL6A2	1.17961498636024	56.0484544695071	11970	2.43691252842436	FALSE
Tumor	Pericyte	FN1	0.877653532739957	43.9014202172097	11970	1.33165272455527	FALSE
Tumor	Pericyte	SPARC	1.93348781794878	75.8646616541353	11970	1.76984938863543	FALSE
Tumor	Pericyte	DCN	0.0843243333371608	4.92063492063492	11970	-0.129042450688376	FALSE
Tumor	Pericyte	LUM	0.0376780536279632	2.23057644110276	11970	-0.211050601144208	FALSE
Tumor	Stromal_fibro_myo	COL1A1	0.721877496250198	31.5106580166821	2158	2.2945733543184	FALSE
Tumor	Stromal_fibro_myo	COL1A2	0.961972464657353	44.2075996292864	2158	1.6682000868489	FALSE
Tumor	Stromal_fibro_myo	COL3A1	0.680892665055561	34.0593141797961	2158	1.59467980839658	FALSE
Tumor	Stromal_fibro_myo	COL5A1	0.485612157795203	27.6181649675626	2158	2.22341750782469	FALSE
Tumor	Stromal_fibro_myo	COL6A1	0.43848669074909	29.7497683039852	2158	1.46444658712542	FALSE
Tumor	Stromal_fibro_myo	COL6A2	0.815594223285117	47.6830398517146	2158	1.44325569689377	FALSE
Tumor	Stromal_fibro_myo	FN1	1.25165153480459	51.8999073215941	2158	2.3119154868376	FALSE
Tumor	Stromal_fibro_myo	SPARC	0.899527152183198	47.451343836886	2158	0.307064982994865	FALSE
Tumor	Stromal_fibro_myo	DCN	0.22290141527797	10.3799814643188	2158	0.299922059577615	FALSE
Tumor	Stromal_fibro_myo	LUM	0.229737345857893	9.45319740500463	2158	0.666752197043121	FALSE
Tumor	Unresolved	COL1A1	0.228326716374105	10.3745687530803	4058	0.263505022007114	FALSE
Tumor	Unresolved	COL1A2	0.396756278387125	18.2109413504189	4058	0.312092888497367	FALSE
Tumor	Unresolved	COL3A1	0.309012357707193	15.0566781665845	4058	0.366744107634564	FALSE
Tumor	Unresolved	COL5A1	0.0354603733620669	2.41498275012321	4058	-0.266433960858764	FALSE
Tumor	Unresolved	COL6A1	0.229837607360356	12.419911286348	4058	0.293564468106455	FALSE
Tumor	Unresolved	COL6A2	0.435979444342144	20.9216362740266	4058	0.407032336280654	FALSE
Tumor	Unresolved	FN1	0.531609769436916	25.8255298176442	4058	0.424659068403621	FALSE
Tumor	Unresolved	SPARC	1.14645080365453	43.9379004435683	4058	0.656397485395867	FALSE
Tumor	Unresolved	DCN	0.059836077825571	2.93247905372104	4058	-0.204845695970193	FALSE
Tumor	Unresolved	LUM	0.0409315895198833	1.92212912764909	4058	-0.196180386447638	FALSE
Adjacent	Endothelial	COL1A1	0.00618878148397074	0.43703906036602	3661	-0.650640681650061	FALSE
Adjacent	Endothelial	COL1A2	0.00891523859034886	0.573613766730402	3661	-0.618443141185791	FALSE
Adjacent	Endothelial	COL3A1	0.0654103158336678	3.08658836383502	3661	-0.437621270376185	FALSE
Adjacent	Endothelial	COL5A1	0.0117226895712845	0.764818355640535	3661	-0.397730356637913	FALSE
Adjacent	Endothelial	COL6A1	0.0744028641038575	3.96066648456706	3661	-0.578693193405816	FALSE
Adjacent	Endothelial	COL6A2	0.0763323962678636	4.28844577984157	3661	-0.574685693317194	FALSE
Adjacent	Endothelial	FN1	0.571300229935149	23.7093690248566	3661	0.528689250996768	FALSE
Adjacent	Endothelial	SPARC	1.50459751670495	57.0335973777656	3661	1.16308158289359	FALSE
Adjacent	Endothelial	DCN	0.0104563166445106	0.710188473094783	3661	-0.357700444933177	FALSE
Adjacent	Endothelial	LUM	0.0039480740676772	0.273149412728763	3661	-0.365212735644704	FALSE
Adjacent	Lymphoid	COL1A1	0.0071985271533973	0.4068978880062	10322	-0.64648535957079	FALSE
Adjacent	Lymphoid	COL1A2	0.00321023044245625	0.145320674287929	10322	-0.63213100576565	FALSE
Adjacent	Lymphoid	COL3A1	0.000790650612434212	0.0387521798101143	10322	-0.650993133119404	FALSE
Adjacent	Lymphoid	COL5A1	0.00129641383652128	0.0775043596202286	10322	-0.455399522569998	FALSE
Adjacent	Lymphoid	COL6A1	0.00387395987012194	0.222825033908157	10322	-0.974482292979403	FALSE
Adjacent	Lymphoid	COL6A2	0.0282688047763642	1.39507847316412	10322	-0.705883473438235	FALSE
Adjacent	Lymphoid	FN1	0.0044599926512005	0.251889168765743	10322	-0.957020227945078	FALSE
Adjacent	Lymphoid	SPARC	0.0117991396300976	0.620034876961829	10322	-0.948838395352197	FALSE
Adjacent	Lymphoid	DCN	0.00243174037476104	0.155008719240457	10322	-0.382540471735845	FALSE
Adjacent	Lymphoid	LUM	0.00129673159930392	0.0581282697151715	10322	-0.377330638458303	FALSE
Adjacent	Malignant_epithelial	COL1A1	0.0260499074162218	0.705806865575874	3117	-0.568907847725315	FALSE
Adjacent	Malignant_epithelial	COL1A2	0.0907609556795356	2.79114533205005	3117	-0.422073028660696	FALSE
Adjacent	Malignant_epithelial	COL3A1	0.0131602493504161	0.384985563041386	3117	-0.610149152961455	FALSE
Adjacent	Malignant_epithelial	COL5A1	0.00130648337305839	0.0320821302534488	3117	-0.455343826577662	FALSE
Adjacent	Malignant_epithelial	COL6A1	0.0449325824439309	1.53994225216554	3117	-0.744072428615643	FALSE
Adjacent	Malignant_epithelial	COL6A2	0.062637089146	2.02117420596728	3117	-0.612069372661718	FALSE
Adjacent	Malignant_epithelial	FN1	0.0472911092199662	1.3795316008983	3117	-0.844758268235253	FALSE
Adjacent	Malignant_epithelial	SPARC	0.0847482877439572	2.95155598331729	3117	-0.845634395626824	FALSE
Adjacent	Malignant_epithelial	DCN	0.0261357992814337	0.673724735322425	3117	-0.309164702252113	FALSE
Adjacent	Malignant_epithelial	LUM	0.018789859318885	0.513314084055181	3117	-0.297378680482152	FALSE
Adjacent	Myeloid	COL1A1	0.00418559958877124	0.301356102461075	9955	-0.658884208916335	FALSE
Adjacent	Myeloid	COL1A2	0.0024761644890947	0.140632847815168	9955	-0.633892229431213	FALSE
Adjacent	Myeloid	COL3A1	0.00196127989164617	0.140632847815168	9955	-0.647127756394965	FALSE
Adjacent	Myeloid	COL5A1	0.00111595889832328	0.060271220492215	9955	-0.456397643667017	FALSE
Adjacent	Myeloid	COL6A1	0.00719468993168809	0.462079357106981	9955	-0.95584725568124	FALSE
Adjacent	Myeloid	COL6A2	0.00309668370167823	0.170768458061276	9955	-0.774595076201439	FALSE
Adjacent	Myeloid	FN1	0.0388443174052829	1.80813661476645	9955	-0.866897625747795	FALSE
Adjacent	Myeloid	SPARC	0.0212489428164373	1.2054244098443	9955	-0.935469390906448	FALSE
Adjacent	Myeloid	DCN	0.00505385821768265	0.321446509291813	9955	-0.374423721977548	FALSE
Adjacent	Myeloid	LUM	0.00316340501249494	0.200904068307383	9955	-0.36879904841454	FALSE
Adjacent	Nonmalignant_epithelial	COL1A1	0.0295640372946011	2.16998191681736	14378	-0.554446442328698	FALSE
Adjacent	Nonmalignant_epithelial	COL1A2	0.0210736634813228	1.66226178884407	14378	-0.589271776465914	FALSE
Adjacent	Nonmalignant_epithelial	COL3A1	0.0221594315355069	1.76658784253721	14378	-0.580434169768267	FALSE
Adjacent	Nonmalignant_epithelial	COL5A1	0.0137888827507169	0.938934483238281	14378	-0.38630195781712	FALSE
Adjacent	Nonmalignant_epithelial	COL6A1	0.288307167300538	20.38531089164	14378	0.621679795185638	FALSE
Adjacent	Nonmalignant_epithelial	COL6A2	0.0456066223622357	3.24106273473362	14378	-0.658556939801809	FALSE
Adjacent	Nonmalignant_epithelial	FN1	0.0695314682247	5.69620253164557	14378	-0.786465454819732	FALSE
Adjacent	Nonmalignant_epithelial	SPARC	0.110609347934185	8.00528585338712	14378	-0.809047747012308	FALSE
Adjacent	Nonmalignant_epithelial	DCN	0.0359374239713813	2.39949923494227	14378	-0.278823832924742	FALSE
Adjacent	Nonmalignant_epithelial	LUM	0.0128683057484177	1.0989010989011	14378	-0.324443011676029	FALSE
Adjacent	Pericyte	COL1A1	0.195983205786657	9.99563509384548	2291	0.13040447229988	FALSE
Adjacent	Pericyte	COL1A2	0.194670286794214	9.42819729375818	2291	-0.172766311472771	FALSE
Adjacent	Pericyte	COL3A1	0.109321602922527	5.49978175469227	2291	-0.292627744186834	FALSE
Adjacent	Pericyte	COL5A1	0.0292465003919886	1.65866433871672	2291	-0.300803747396975	FALSE
Adjacent	Pericyte	COL6A1	0.304045444173541	15.5390659100829	2291	0.709998740447607	FALSE
Adjacent	Pericyte	COL6A2	0.403430665500754	20.253164556962	2291	0.318184886534908	FALSE
Adjacent	Pericyte	FN1	0.205156522612198	10.3884766477521	2291	-0.430987110778726	FALSE
Adjacent	Pericyte	SPARC	0.946000091146315	41.0301178524662	2291	0.372812058923714	FALSE
Adjacent	Pericyte	DCN	0.0660686011140669	2.96813618507202	2291	-0.185552958219279	FALSE
Adjacent	Pericyte	LUM	0.00563700209784152	0.218245307725884	2291	-0.357493526989908	FALSE
Adjacent	Stromal_fibro_myo	COL1A1	0.705512630241703	41.0761154855643	762	2.22722838705745	FALSE
Adjacent	Stromal_fibro_myo	COL1A2	1.2632365318597	66.010498687664	762	2.39101443658241	FALSE
Adjacent	Stromal_fibro_myo	COL3A1	0.977507245161453	52.0997375328084	762	2.57409072390215	FALSE
Adjacent	Stromal_fibro_myo	COL5A1	0.597690081040037	37.9265091863517	762	2.8433359252304	FALSE
Adjacent	Stromal_fibro_myo	COL6A1	0.348818327178835	22.8346456692913	762	0.961252027911878	FALSE
Adjacent	Stromal_fibro_myo	COL6A2	0.83732749922247	50.1312335958005	762	1.5025803846513	FALSE
Adjacent	Stromal_fibro_myo	FN1	0.760633978009101	38.1889763779528	762	1.02494009152443	FALSE
Adjacent	Stromal_fibro_myo	SPARC	1.09594700241357	61.6797900262467	762	0.584947791682271	FALSE
Adjacent	Stromal_fibro_myo	DCN	1.3121418099886	55.511811023622	762	3.67165904476366	FALSE
Adjacent	Stromal_fibro_myo	LUM	0.873629180952442	41.994750656168	762	3.60964575878399	FALSE
Adjacent	Unresolved	COL1A1	0.19951357204091	7.18789407313997	793	0.144932693899032	FALSE
Adjacent	Unresolved	COL1A2	0.259679977789528	9.4577553593947	793	-0.0167903998430825	FALSE
Adjacent	Unresolved	COL3A1	0.176885770616953	6.17906683480454	793	-0.0695332377962637	FALSE
Adjacent	Unresolved	COL5A1	0.0265432029705646	1.38713745271122	793	-0.315756057457229	FALSE
Adjacent	Unresolved	COL6A1	0.249491167505564	9.4577553593947	793	0.403854922180554	FALSE
Adjacent	Unresolved	COL6A2	0.427644903719492	15.2585119798235	793	0.384281784478592	FALSE
Adjacent	Unresolved	FN1	0.325584921583805	12.1059268600252	793	-0.11533976939869	FALSE
Adjacent	Unresolved	SPARC	1.03418030603106	35.8133669609079	793	0.497564041750776	FALSE
Adjacent	Unresolved	DCN	0.175662455266642	6.17906683480454	793	0.153694147552527	FALSE
Adjacent	Unresolved	LUM	0.104302980895281	3.53089533417402	793	0.0934571730189056	FALSE
