population	gene	mean_expr	pct_expr	n_cells	expr_z	cohort
Endothelial	COL1A1	0.037792384734838	2.87514769594328	2539	-0.382510661644731	A
Endothelial	COL1A2	0.0428398721480314	3.2296179598267	2539	-0.34801567628324	A
Endothelial	COL3A1	0.0711062041698664	5.19889720362347	2539	-0.21226675683653	A
Endothelial	COL5A1	0.052262178198563	3.7810161480898	2539	-0.266607282621714	A
Endothelial	COL6A1	0.0638754909183515	5.08074044899567	2539	-0.57040349234196	A
Endothelial	COL6A2	0.121075392056932	9.64946829460417	2539	-0.188986355288018	A
Endothelial	FN1	0.550883900079843	33.7534462386766	2539	0.402422640376249	A
Endothelial	SPARC	1.03029713791618	60.4568727845609	2539	1.77979900029194	A
Endothelial	DCN	0.0156019015304733	1.18156754627806	2539	-0.332485026181265	A
Endothelial	LUM	0.0075967983384771	0.551398188263096	2539	-0.351902684846351	A
Lymphoid	COL1A1	0.0268733499515767	2.07939508506616	5290	-0.442056089538398	A
Lymphoid	COL1A2	0.0318880207342111	2.47637051039698	5290	-0.382852867426321	A
Lymphoid	COL3A1	0.0280485928283174	2.26843100189036	5290	-0.405848527124948	A
Lymphoid	COL5A1	0.0271786611248524	1.87145557655955	5290	-0.399814350602035	A
Lymphoid	COL6A1	0.0304005823004105	2.117202268431	5290	-0.830187594059012	A
Lymphoid	COL6A2	0.048771855263878	3.23251417769376	5290	-0.496784933912583	A
Lymphoid	FN1	0.237368219127525	14.6880907372401	5290	-0.587319579572598	A
Lymphoid	SPARC	0.0604020807797455	4.25330812854442	5290	-0.591115907650032	A
Lymphoid	DCN	0.00474957652779895	0.359168241965974	5290	-0.41849095656386	A
Lymphoid	LUM	0.0011248884469799	0.0756143667296786	5290	-0.425355380679266	A
Malignant_epithelial	COL1A1	0.0407893974094136	2.8523763970228	85718	-0.366166872504695	A
Malignant_epithelial	COL1A2	0.0166369814966534	1.35677453976994	85718	-0.431365520581839	A
Malignant_epithelial	COL3A1	0.0156454389682813	1.35210807531674	85718	-0.461611594479976	A
Malignant_epithelial	COL5A1	0.0300925309838227	2.04857789495789	85718	-0.384340122675822	A
Malignant_epithelial	COL6A1	0.10394010298471	8.27597470776266	85718	-0.259479588856742	A
Malignant_epithelial	COL6A2	0.125752901286327	9.50558809118272	85718	-0.169074041780701	A
Malignant_epithelial	FN1	0.12241732752109	7.92482325765883	85718	-0.950209723689361	A
Malignant_epithelial	SPARC	0.0943488482468694	7.89332462259969	85718	-0.508132809146704	A
Malignant_epithelial	DCN	0.00234302987926296	0.187825194241583	85718	-0.437563116996344	A
Malignant_epithelial	LUM	0.000780031037364328	0.0618306540049931	85718	-0.429269326769198	A
Myeloid	COL1A1	0.0351126181313112	2.80712166172107	16850	-0.39712439374006	A
Myeloid	COL1A2	0.0337429185176772	2.77151335311573	16850	-0.376952547362451	A
Myeloid	COL3A1	0.0288267455944858	2.56379821958457	16850	-0.402350047173638	A
Myeloid	COL5A1	0.0267654682817488	2.25519287833828	16850	-0.402008628500885	A
Myeloid	COL6A1	0.0473636775110289	3.67952522255193	16850	-0.698544443007376	A
Myeloid	COL6A2	0.0481100734653369	3.5727002967359	16850	-0.499602161201665	A
Myeloid	FN1	0.460697518661015	27.8991097922849	16850	0.117711939196998	A
Myeloid	SPARC	0.0542488294800383	4.39169139465875	16850	-0.606157571313997	A
Myeloid	DCN	0.00339701182687904	0.29080118694362	16850	-0.429210188201008	A
Myeloid	LUM	0.00227584252983556	0.201780415430267	16850	-0.412292670971778	A
Nonmalignant_epithelial	COL1A1	0.0357791752771793	2.59518848266717	10558	-0.393489417640603	A
Nonmalignant_epithelial	COL1A2	0.023413045718735	1.91324114415609	10558	-0.409811261344486	A
Nonmalignant_epithelial	COL3A1	0.0245613867793071	2.08372797878386	10558	-0.421526580302888	A
Nonmalignant_epithelial	COL5A1	0.0175129092887669	1.20287933320705	10558	-0.45114473055341	A
Nonmalignant_epithelial	COL6A1	0.300095781280523	20.3921197196439	10558	1.2627987021575	A
Nonmalignant_epithelial	COL6A2	0.0430703021360236	3.00246258761129	10558	-0.521056636605758	A
Nonmalignant_epithelial	FN1	0.0973657911950603	7.92763781019132	10558	-1.02929528362416	A
Nonmalignant_epithelial	SPARC	0.0816652719669463	6.79105891267286	10558	-0.539137895590668	A
Nonmalignant_epithelial	DCN	0.0314563273034713	2.56677401022921	10558	-0.206836868855304	A
Nonmalignant_epithelial	LUM	0.017117893331294	1.47755256677401	10558	-0.243843378362113	A
Stromal_fibro_myo	COL1A1	0.523309681072464	29.1104050833995	2518	2.26518995787516	A
Stromal_fibro_myo	COL1A2	0.864671924164724	45.9888800635425	2518	2.26618343962946	A
Stromal_fibro_myo	COL3A1	0.621128128965624	34.8689436060365	2518	2.26056474918485	A
Stromal_fibro_myo	COL5A1	0.528817996146921	30.6195393169182	2518	2.26416234794165	A
Stromal_fibro_myo	COL6A1	0.344196207293545	24.7815726767276	2518	1.60504278974828	A
Stromal_fibro_myo	COL6A2	0.69243843056176	44.440031771247	2518	2.24332524288117	A
Stromal_fibro_myo	FN1	1.01471034923047	44.9166004765687	2518	1.86668311391584	A
Stromal_fibro_myo	SPARC	0.746627021900951	46.1874503574265	2518	1.08636551792754	A
Stromal_fibro_myo	DCN	0.34269343073908	17.5536139793487	2518	2.25975316083575	A
Stromal_fibro_myo	LUM	0.237996975258248	12.549642573471	2518	2.26301538398705	A
Unresolved	COL1A1	0.0558854756417728	5.52845528455285	615	-0.28384252280667	A
Unresolved	COL1A2	0.0525320077336762	5.04065040650407	615	-0.317185566631123	A
Unresolved	COL3A1	0.038922393934532	3.90243902439024	615	-0.356961243266868	A
Unresolved	COL5A1	0.0346293353667117	2.92682926829268	615	-0.360247232987784	A
Unresolved	COL6A1	0.071758569384271	4.71544715447155	615	-0.50922637364069	A
Unresolved	COL6A2	0.0790661481517979	6.50406504065041	615	-0.367821114092447	A
Unresolved	FN1	0.480430378987945	29.9186991869919	615	0.180006893397028	A
Unresolved	SPARC	0.0479233145697082	4.71544715447155	615	-0.62162033451808	A
Unresolved	DCN	0.002645374106594	0.32520325203252	615	-0.435167004037968	A
Unresolved	LUM	0.00332793896753139	0.32520325203252	615	-0.400351942358344	A
Endothelial	COL1A1	0.011557709912338	0.753460662344489	5707	-0.505183922304116	B
Endothelial	COL1A2	0.0270847544640375	1.7347117574908	5707	-0.587850450219196	B
Endothelial	COL3A1	0.147252346003368	7.44699491852111	5707	-0.391153892895385	B
Endothelial	COL5A1	0.00869700230149584	0.543192570527422	5707	-0.434138928420549	B
Endothelial	COL6A1	0.0714446647380489	4.17031715437182	5707	-0.675977486843008	B
Endothelial	COL6A2	0.108020910774439	6.36060977746627	5707	-0.559648673703089	B
Endothelial	FN1	0.952205533001215	39.6530576485018	5707	0.611505595425617	B
Endothelial	SPARC	2.13697083898046	75.766602418083	5707	1.12078126671263	B
Endothelial	DCN	0.00304643732115053	0.210268091817067	5707	-0.439037086601726	B
Endothelial	LUM	0.00171194773184753	0.122656386893289	5707	-0.396419701947503	B
Lymphoid	COL1A1	0.00867000238033514	0.529136537643556	58775	-0.509545433856278	B
Lymphoid	COL1A2	0.00728220045415465	0.437260740110591	58775	-0.61398421526713	B
Lymphoid	COL3A1	0.00482643475538435	0.284134410888983	58775	-0.64542850924618	B
Lymphoid	COL5A1	0.00199117959245782	0.124202467035304	58775	-0.480038217483883	B
Lymphoid	COL6A1	0.00429305691766699	0.25521054870268	58775	-0.893611606954919	B
Lymphoid	COL6A2	0.0230206140564057	1.2284134410889	58775	-0.697081190925538	B
Lymphoid	FN1	0.0147196078585823	0.888132709485325	58775	-0.858524093065466	B
Lymphoid	SPARC	0.0280680313351607	1.5431731178222	58775	-1.02228078374214	B
Lymphoid	DCN	0.00142698922750543	0.0901743938749468	58775	-0.442091885545058	B
Lymphoid	LUM	0.00193459420227311	0.146320714589536	58775	-0.395963224136041	B
Malignant_epithelial	COL1A1	0.0372223132069934	2.35510956379275	4883	-0.466420833414133	B
Malignant_epithelial	COL1A2	0.0390402837618933	2.45750563178374	4883	-0.572072536242144	B
Malignant_epithelial	COL3A1	0.0141606429906224	0.819168543927913	4883	-0.62876403999928	B
Malignant_epithelial	COL5A1	0.00355833368468757	0.28670899037477	4883	-0.469311530870309	B
Malignant_epithelial	COL6A1	0.0642719589374802	4.30063485562154	4883	-0.699223773363858	B
Malignant_epithelial	COL6A2	0.0372224680924968	2.47798484538194	4883	-0.674118958736156	B
Malignant_epithelial	FN1	0.0439487917340658	2.66229776776572	4883	-0.812691119028241	B
Malignant_epithelial	SPARC	0.260334484112732	16.6905590825312	4883	-0.786252163202187	B
Malignant_epithelial	DCN	0.00581992987114721	0.28670899037477	4883	-0.433805389368379	B
Malignant_epithelial	LUM	0.0073964210575235	0.491501126356748	4883	-0.384765190029782	B
Myeloid	COL1A1	0.00644042672425594	0.600591351484539	32468	-0.512912921689668	B
Myeloid	COL1A2	0.00913773489522973	0.683750153997782	32468	-0.611535435120024	B
Myeloid	COL3A1	0.00677170477297877	0.517432548971295	32468	-0.641955596325431	B
Myeloid	COL5A1	0.00101105952512962	0.0831588025132438	32468	-0.486746837177397	B
Myeloid	COL6A1	0.00632200184303801	0.474313169890354	32468	-0.887035924586006	B
Myeloid	COL6A2	0.00786105007671551	0.603671307133177	32468	-0.721591894042667	B
Myeloid	FN1	0.1202275476227	7.37649377848959	32468	-0.693081818504187	B
Myeloid	SPARC	0.0437550995860803	3.00295675742269	32468	-1.00633962204917	B
Myeloid	DCN	0.0024423332922496	0.203277072810152	32468	-0.440176620716089	B
Myeloid	LUM	0.00290520479949835	0.261796230134286	32468	-0.393973243336636	B
Nonmalignant_epithelial	COL1A1	0.020081675441148	1.6250725478816	3446	-0.492309566535008	B
Nonmalignant_epithelial	COL1A2	0.0203186326060034	1.50899593731863	3446	-0.59677981553416	B
Nonmalignant_epithelial	COL3A1	0.0194896764863038	1.18978525827046	3446	-0.619250055249163	B
Nonmalignant_epithelial	COL5A1	0.00637628516395312	0.435287289611143	3446	-0.450023521758625	B
Nonmalignant_epithelial	COL6A1	0.308436601240423	24.0278583865351	3446	0.0920984125795705	B
Nonmalignant_epithelial	COL6A2	0.0669901915685827	4.90423679628555	3446	-0.625989089462037	B
Nonmalignant_epithelial	FN1	0.0182907474135408	1.30586186883343	3446	-0.852924349083458	B
Nonmalignant_epithelial	SPARC	0.214548823018086	12.9715612304121	3446	-0.832779443829442	B
Nonmalignant_epithelial	DCN	0.0540923343387815	2.20545560069646	3446	-0.342748139223396	B
Nonmalignant_epithelial	LUM	0.00152626201815873	0.0870574579222287	3446	-0.396800401484496	B
Pericyte	COL1A1	0.392631531484873	20.508166969147	13224	0.0703791693855937	B
Pericyte	COL1A2	0.898738422173546	43.1110102843315	13224	0.562485619750467	B
Pericyte	COL3A1	0.60044667000433	31.3142770719903	13224	0.417939142620189	B
Pericyte	COL5A1	0.0666958548140335	4.33303085299455	13224	-0.0371546638012861	B
Pericyte	COL6A1	0.568531642011716	31.3369630973987	13224	0.935050013904461	B
Pericyte	COL6A2	1.11159290242951	53.448275862069	13224	1.06297419177501	B
Pericyte	FN1	0.809700393852723	40.9104658197217	13224	0.388049669643089	B
Pericyte	SPARC	1.81483260964036	72.9506957047792	13224	0.793425159168585	B
Pericyte	DCN	0.0857235262280591	4.90774349667272	13224	-0.283081557788095	B
Pericyte	LUM	0.0342279233475272	2.03418027828191	13224	-0.329754277796853	B
Stromal_fibro_myo	COL1A1	1.93462309505381	64.6766169154229	402	2.39935949142604	B
Stromal_fibro_myo	COL1A2	2.14248485313656	74.3781094527363	402	2.20387879508396	B
Stromal_fibro_myo	COL3A1	1.61747826683456	63.18407960199	402	2.23365734189065	B
Stromal_fibro_myo	COL5A1	0.427430756160716	28.3582089552239	402	2.43196452269742	B
Stromal_fibro_myo	COL6A1	0.859123865626026	47.7611940298507	402	1.87684105883114	B
Stromal_fibro_myo	COL6A2	1.62819880622463	72.636815920398	402	1.89824715565724	B
Stromal_fibro_myo	FN1	1.80504090544505	69.6517412935323	402	1.94879854379393	B
Stromal_fibro_myo	SPARC	2.22956310722362	82.3383084577114	402	1.21487331093491	B
Stromal_fibro_myo	DCN	1.53724192731386	50.9950248756219	402	2.45494808037368	B
Stromal_fibro_myo	LUM	1.3985130461364	51.7412935323383	402	2.46735221066058	B
Unresolved	COL1A1	0.357047473175665	17.6502436383324	1847	0.0166340169875653	B
Unresolved	COL1A2	0.636085436456226	32.4309691391446	1847	0.215858037548229	B
Unresolved	COL3A1	0.520357826169138	27.7206280454792	1847	0.274955609204595	B
Unresolved	COL5A1	0.0612323276016063	4.38548998375744	1847	-0.0745508231853684	B
Unresolved	COL6A1	0.357731265530825	22.2523010286952	1847	0.251859306432621	B
Unresolved	COL6A2	0.650346104277308	36.1667569030861	1847	0.317208459437232	B
Unresolved	FN1	0.733694078435045	39.0904168922577	1847	0.268867570818721	B
Unresolved	SPARC	1.54436073185863	69.1932864103952	1847	0.518572276006816	B
Unresolved	DCN	0.196560524246498	8.71683811586356	1847	-0.0740074011309338	B
Unresolved	LUM	0.112305815347917	5.03519220357336	1847	-0.169676171929268	B
Endothelial	COL1A1	0.00289214350406618	0.0879765395894428	3410	-0.601693667416074	C
Endothelial	COL1A2	0.0110318019128759	0.381231671554252	3410	-0.612249238003109	C
Endothelial	COL3A1	0.0383434523629662	1.17302052785924	3410	-0.161226146133385	C
Endothelial	COL5A1	0.00196035865147541	0.0586510263929619	3410	-0.379212009826572	C
Endothelial	COL6A1	0.0175366205421762	0.527859237536657	3410	-0.597400166689533	C
Endothelial	COL6A2	0.0277560974914248	0.909090909090909	3410	-0.532373106702757	C
Endothelial	FN1	0.427397009039889	12.6979472140762	3410	1.54680196420448	C
Endothelial	SPARC	1.73226830122963	48.533724340176	3410	1.5446396807821	C
Endothelial	DCN	0.00529174823206456	0.175953079178886	3410	-0.296589927712956	C
Endothelial	LUM	0	0	3410	-0.915405003708467	C
Lymphoid	COL1A1	0	0	1508	-0.645989996185172	C
Lymphoid	COL1A2	0.00928790797675083	0.26525198938992	1508	-0.628298875978902	C
Lymphoid	COL3A1	0.00234490497318409	0.0663129973474801	1508	-0.683864945971372	C
Lymphoid	COL5A1	0	0	1508	-0.756043061519906	C
Lymphoid	COL6A1	0	0	1508	-0.785382619303204	C
Lymphoid	COL6A2	0.0178689923606505	0.530503978779841	1508	-0.594247373093299	C
Lymphoid	FN1	0.0070067305795713	0.19893899204244	1508	-0.858196736214474	C
Lymphoid	SPARC	0.0479771701694582	1.45888594164456	1508	-0.789140695911566	C
Lymphoid	DCN	0	0	1508	-0.859182833608762	C
Lymphoid	LUM	0.00241283842435294	0.0663129973474801	1508	-0.55173767552779	C
Malignant_epithelial	COL1A1	0.0169173574917311	0.485706355814599	7206	-0.386882234656567	C
Malignant_epithelial	COL1A2	0.0466713575869945	1.44324174299195	7206	-0.284246511266911	C
Malignant_epithelial	COL3A1	0.0117010837955528	0.333055786844296	7206	-0.548028851868855	C
Malignant_epithelial	COL5A1	0.00140742677903886	0.0416319733555371	7206	-0.485499652063981	C
Malignant_epithelial	COL6A1	0.028614600360093	0.971412711629198	7206	-0.478650615647567	C
Malignant_epithelial	COL6A2	0.0399686421293914	1.31834582292534	7206	-0.455946060540989	C
Malignant_epithelial	FN1	0.0327993398787946	1.01304468498473	7206	-0.710640536598642	C
Malignant_epithelial	SPARC	0.1019018610678	3.38606716625035	7206	-0.714421793034836	C
Malignant_epithelial	DCN	0.0145694264974055	0.388565084651679	7206	0.689767651364104	C
Malignant_epithelial	LUM	0.0111479333917832	0.305301137940605	7206	0.764831480594511	C
Myeloid	COL1A1	0.00365698785161911	0.107584722969338	3718	-0.589979242931688	C
Myeloid	COL1A2	0.00514173128678190	0.161377084454008	3718	-0.666457523978756	C
Myeloid	COL3A1	0.000788551097279109	0.0268961807423346	3718	-0.706460605541154	C
Myeloid	COL5A1	0.000757611938951772	0.0268961807423346	3718	-0.610410677611097	C
Myeloid	COL6A1	0.00670554990019949	0.242065626681011	3718	-0.713502993845651	C
Myeloid	COL6A2	0.00885333424297385	0.29585798816568	3718	-0.650668056870887	C
Myeloid	FN1	0.0529161767722543	1.58687466379774	3718	-0.595554700735581	C
Myeloid	SPARC	0.0641353242661938	1.99031737493276	3718	-0.766751702548633	C
Myeloid	DCN	0	0	3718	-0.859182833608762	C
Myeloid	LUM	0	0	3718	-0.915405003708467	C
Nonmalignant_epithelial	COL1A1	0.00358086026176642	0.17105713308245	2923	-0.591145219911659	C
Nonmalignant_epithelial	COL1A2	0.00242694195862798	0.13684570646596	2923	-0.691442636315481	C
Nonmalignant_epithelial	COL3A1	0.000725955085158513	0.0342114266164899	2923	-0.707369395117998	C
Nonmalignant_epithelial	COL5A1	0.000600078114724317	0.0342114266164899	2923	-0.640692706165528	C
Nonmalignant_epithelial	COL6A1	0.0482931506151775	2.66849127608621	2923	-0.267707912523244	C
Nonmalignant_epithelial	COL6A2	0.00372036307955773	0.17105713308245	2923	-0.682790586260367	C
Nonmalignant_epithelial	FN1	0.000363621842982574	0.0342114266164899	2923	-0.896201106669358	C
Nonmalignant_epithelial	SPARC	0.026894304073398	1.09476565172768	2923	-0.818353447954306	C
Nonmalignant_epithelial	DCN	0.00325864128508316	0.13684570646596	2923	-0.512739958881948	C
Nonmalignant_epithelial	LUM	0.00159984405306417	0.0684228532329798	2923	-0.674273643062295	C
Pericyte	COL1A1	0.104556558415024	3.08582449373192	1037	0.955407610816603	C
Pericyte	COL1A2	0.213498679299529	6.55737704918033	1037	1.25112101452819	C
Pericyte	COL3A1	0.120948369329421	3.47155255544841	1037	1.03805931937734	C
Pericyte	COL5A1	0.0100168796243823	0.289296046287367	1037	1.16945729562169	C
Pericyte	COL6A1	0.233543192603645	7.13596914175506	1037	1.71806563808905	C
Pericyte	COL6A2	0.332253133719193	10.1253616200579	1037	1.37319282847124	C
Pericyte	FN1	0.258484447341902	8.00385728061717	1037	0.58047492910764	C
Pericyte	SPARC	1.26498453209161	36.0655737704918	1037	0.897163914478375	C
Pericyte	DCN	0.0261499752732948	0.77145612343298	1037	1.92095521017845	C
Pericyte	LUM	0.0108877679702131	0.289296046287367	1037	0.725618882356499	C
Unresolved	COL1A1	0.163636595730191	4.93930514859774	2389	1.86028275028456	C
Unresolved	COL1A2	0.254837260021414	7.7019673503558	2389	1.63157377101497	C
Unresolved	COL3A1	0.171286892620735	5.19045625784847	2389	1.76889062525543	C
Unresolved	COL5A1	0.0127893699155438	0.418585182084554	2389	1.70240081156539	C
Unresolved	COL6A1	0.178177621972998	5.8183340309753	2389	1.12457866992015	C
Unresolved	COL6A2	0.359360426151703	10.9669317706153	2389	1.54283235499706	C
Unresolved	FN1	0.320160586539929	9.96232733361239	2389	0.933316186905929	C
Unresolved	SPARC	1.08434291909142	31.8124738384261	2389	0.646864044188863	C
Unresolved	DCN	0.00730051799237599	0.209292591042277	2389	-0.0830273077301242	C
Unresolved	LUM	0.0164659400205179	0.46044370029301	2389	1.56637096305601	C
