population	gene	mean_expr	pct_expr	n_cells	n_measured	expr_z
Endothelial	COL1A1	0.0147372104204124	1.02093342484557	11656	11656	-0.638335487196847
Endothelial	COL1A2	0.0258203134551319	1.66437886067261	11656	11656	-0.634872915747978
Endothelial	COL3A1	0.0988039604998535	5.12182566918325	11656	11656	-0.416429807320604
Endothelial	COL5A1	0.0162158789964244	1.10672614962251	11656	11656	-0.393597880858547
Endothelial	COL6A1	0.0540249184240366	3.30301990391215	11656	11656	-0.758467472848992
Endothelial	COL6A2	0.0873828114849039	5.4821551132464	11656	11656	-0.585033922824784
Endothelial	FN1	0.711252144815264	30.4821551132464	11656	11656	0.675209585646994
Endothelial	SPARC	1.77750960178649	64.4646533973919	11656	11656	1.35031918244525
Endothelial	DCN	0.00643823843934543	0.411805078929307	11656	11656	-0.479863495399532
Endothelial	LUM	0.00249299559772207	0.180164722031572	11656	11656	-0.440778551319218
Lymphoid	COL1A1	0.00993914280493031	0.642032543882391	65573	65573	-0.657170062765049
Lymphoid	COL1A2	0.00931336261275342	0.597807024232535	65573	65573	-0.673899847876786
Lymphoid	COL3A1	0.00664277790415761	0.439205160660638	65573	65573	-0.731539178308885
Lymphoid	COL5A1	0.00397734887677818	0.262303082061214	65573	65573	-0.463656758662815
Lymphoid	COL6A1	0.00630051241677393	0.399554694767664	65573	65573	-1.00088529296532
Lymphoid	COL6A2	0.0249795822364546	1.37404114498345	65573	65573	-0.738672521066847
Lymphoid	FN1	0.0325040638797547	1.98557333048663	65573	65573	-1.02604473333987
Lymphoid	SPARC	0.031134386434426	1.75987067848047	65573	65573	-0.920768214833204
Lymphoid	DCN	0.00166221694414922	0.109801290165159	65573	65573	-0.507597464836959
Lymphoid	LUM	0.00188027075880445	0.13877663062541	65573	65573	-0.445264327165561
Malignant_epithelial	COL1A1	0.0388525218094476	2.65318433240975	97807	97807	-0.543672032842455
Malignant_epithelial	COL1A2	0.0199682669779425	1.41809890907604	97807	97807	-0.648708749080295
Malignant_epithelial	COL3A1	0.0152807075877673	1.25042174895457	97807	97807	-0.702005132492829
Malignant_epithelial	COL5A1	0.0266544197411741	1.81275368838631	97807	97807	-0.333842955770171
Malignant_epithelial	COL6A1	0.0964100170062681	7.53933767521752	97807	97807	-0.543170854968477
Malignant_epithelial	COL6A2	0.115012816458349	8.55153516619465	97807	97807	-0.517008032423499
Malignant_epithelial	FN1	0.111897128770446	7.15286226957171	97807	97807	-0.827049261622686
Malignant_epithelial	SPARC	0.103192130121598	8.00044986555154	97807	97807	-0.827060154775065
Malignant_epithelial	DCN	0.00341740202737652	0.207551606735714	97807	97807	-0.497405247422482
Malignant_epithelial	LUM	0.00187421587929029	0.101219749097713	97807	97807	-0.445308655109447
Myeloid	COL1A1	0.0153547038092669	1.26706388113734	53036	53036	-0.635911547638823
Myeloid	COL1A2	0.0166748832967316	1.31043065087865	53036	53036	-0.656495205987331
Myeloid	COL3A1	0.0133593447246374	1.13319254845765	53036	53036	-0.708574486598202
Myeloid	COL5A1	0.00917569240513026	0.769288784976243	53036	53036	-0.433899090832035
Myeloid	COL6A1	0.0193881883330201	1.47635568293235	53036	53036	-0.934405977004372
Myeloid	COL6A2	0.0207180784466688	1.5253789878573	53036	53036	-0.749164469585395
Myeloid	FN1	0.223679077435902	13.4908364130025	53036	53036	-0.546872376717514
Myeloid	SPARC	0.0485177706788045	3.37318048118259	53036	53036	-0.898161855940566
Myeloid	DCN	0.00257442730627672	0.216833848706539	53036	53036	-0.502300333253863
Myeloid	LUM	0.00250158639523806	0.224375895618071	53036	53036	-0.440715657848038
Nonmalignant_epithelial	COL1A1	0.0270233851652316	1.97908666627282	16927	16927	-0.590106719863779
Nonmalignant_epithelial	COL1A2	0.0191591478704896	1.52419211909966	16927	16927	-0.65062172724278
Nonmalignant_epithelial	COL3A1	0.0194129209843251	1.5478230046671	16927	16927	-0.687876633622638
Nonmalignant_epithelial	COL5A1	0.0123251611788929	0.84480415903586	16927	16927	-0.415870108118237
Nonmalignant_epithelial	COL6A1	0.258311848873549	18.0717197376972	16927	16927	0.279215266466615
Nonmalignant_epithelial	COL6A2	0.0411448615453995	2.90069120340285	16927	16927	-0.698873124735455
Nonmalignant_epithelial	FN1	0.0645170913730562	5.21651798901164	16927	16927	-0.945805388557103
Nonmalignant_epithelial	SPARC	0.0992597173955203	7.06563478466356	16927	16927	-0.832174091862916
Nonmalignant_epithelial	DCN	0.0311953149570373	2.07361020854256	16927	16927	-0.336101160118527
Nonmalignant_epithelial	LUM	0.0112640492038448	0.951143144089325	16927	16927	-0.376565420213217
Pericyte	COL1A1	0.371683929838882	19.2412874272491	14261	14261	0.762841090435238
Pericyte	COL1A2	0.84891066722222	40.4529836617348	14261	14261	1.31113708204491
Pericyte	COL3A1	0.565579568272331	29.2896711310567	14261	14261	1.17952810050172
Pericyte	COL5A1	0.0625743978845258	4.03898744828553	14261	14261	-0.128220766269052
Pericyte	COL6A1	0.544172689481293	29.5771685015076	14261	14261	1.73125558785279
Pericyte	COL6A2	1.05492258897656	50.2980155669308	14261	14261	1.79707765934065
Pericyte	FN1	0.769618286249326	38.5176355094313	14261	14261	0.821501933259143
Pericyte	SPARC	1.77484996772058	70.268564616787	14261	14261	1.34686044038606
Pericyte	DCN	0.0813915879109634	4.60697005820069	14261	14261	-0.0446154745165836
Pericyte	LUM	0.0325307253160986	1.90729962835706	14261	14261	-0.220871483918979
Stromal_fibro_myo	COL1A1	0.717606938750732	34.0068493150685	2920	2920	2.12074464125358
Stromal_fibro_myo	COL1A2	1.04059000548208	49.8972602739726	2920	2920	1.7643192957798
Stromal_fibro_myo	COL3A1	0.758296880822927	38.7671232876712	2920	2920	1.83845010460377
Stromal_fibro_myo	COL5A1	0.514859889820054	30.3082191780822	2920	2920	2.46086580723119
Stromal_fibro_myo	COL6A1	0.415086932858498	27.9452054794521	2920	2920	1.07555988943378
Stromal_fibro_myo	COL6A2	0.821265715156445	48.3219178082192	2920	2920	1.22180751714304
Stromal_fibro_myo	FN1	1.12351613128468	48.3219178082192	2920	2920	1.70853241519688
Stromal_fibro_myo	SPARC	0.95078466104469	51.1643835616438	2920	2920	0.275198224801581
Stromal_fibro_myo	DCN	0.507148394993549	22.1575342465753	2920	2920	2.42771977089241
Stromal_fibro_myo	LUM	0.397766653509286	17.9452054794521	2920	2920	2.45303105902291
Unresolved	COL1A1	0.223616589914362	9.853638425067	4851	4851	0.181610118618131
Unresolved	COL1A2	0.374348216879406	16.7800453514739	4851	4851	0.189142068110468
Unresolved	COL3A1	0.287413433039586	13.6054421768707	4851	4851	0.228447033237671
Unresolved	COL5A1	0.0340026705955317	2.24695938981653	4851	4851	-0.291778246720337
Unresolved	COL6A1	0.233050403318961	11.9356833642548	4851	4851	0.150898854033977
Unresolved	COL6A2	0.434616984908269	19.9958771387343	4851	4851	0.269866894152292
Unresolved	FN1	0.497930588990097	23.5827664399093	4851	4851	0.140527826134153
Unresolved	SPARC	1.12809778270721	42.6097711811998	4851	4851	0.505786469778856
Unresolved	DCN	0.0787703835998044	3.46320346320346	4851	4851	-0.0598365953444637
Unresolved	LUM	0.0512910027049336	2.18511647083076	4851	4851	-0.083526963448452
