sample_id	donor_id	condition	median_n_count	median_n_feature	median_percent_mt	n_cells	low_recovery_flag
GSM4819731	Patient SS_2014	Adjacent	418	170	46.0516559565002	578	TRUE
GSM4819728	Patient SS_2007	Tumor	2632	177	92.4532552376661	923	TRUE
GSM4819730	Patient SS_2014	Adjacent	467	177	51.1879049676026	1097	FALSE
GSM4819726	Patient SS_2006	Tumor	3670.5	137	96.2595521373244	1410	FALSE
GSM4819733	Patient SS_2017	Tumor	311	170	18.1818181818182	1644	FALSE
GSM4819727	Patient SS_2006	Adjacent	564	173	61.356664807585	1660	FALSE
GSM4819725	Patient SS_2005	Tumor	752	180	71.4109056648216	1704	FALSE
GSM4819735	Patient SS_2022	Tumor	542	182	60.1541777188329	1896	FALSE
GSM4819736	Patient SS_2022	Adjacent	372	177	39.6761133603239	1953	FALSE
GSM4819734	Patient SS_2017	Adjacent	288	159	18.5185185185185	2872	FALSE
GSM4819738	Patient SS_2026	Tumor	310	180	22.8915662650602	3635	FALSE
GSM4819729	Patient SS_2007	Adjacent	448	180	49.964234620887	3674	FALSE
GSM4819737	Patient SS_2023	Tumor	559	182	60.7375271149675	6453	FALSE
