sample_id	donor_id	condition	median_n_count	median_n_feature	median_percent_mt	median_doublet_score	n_cells	low_recovery_flag
RCC-PR2-Normal	RCC-PR2	Adjacent	1307	663	2.48713550600343	0.0579439252336449	1313	FALSE
RCC-PR6-Normal	RCC-PR6	Adjacent	2047.5	815.5	2.20588235294118	0.0465489566613162	1542	FALSE
RCC-PR8-Normal	RCC-PR8	Adjacent	2373	881	1.64028776978417	0.0808510638297872	1573	FALSE
RCC-BM2-Normal	RCC-BM2	Adjacent	3776	1347	3.75336113932793	0.0357142857142857	2532	FALSE
RCC-PR1-Normal	RCC-PR1	Adjacent	1433.5	605.5	2.63361893104855	0.0551816958277254	2620	FALSE
RCC-PR4-Normal	RCC-PR4	Adjacent	1061	469	1.44421713489151	0.0869565217391304	3482	FALSE
RCC-PR6-PTumor	RCC-PR6	Tumor	1969	775	1.18983234180638	0.0945121951219512	3577	FALSE
RCC-PR7-PTumor	RCC-PR7	Tumor	2259	906	1.66769138360791	0.065512978986403	3610	FALSE
RCC-PR9-Normal	RCC-PR9	Adjacent	2064	848	2.12331563903634	0.049746192893401	4065	FALSE
RCC-BM2-PTumor1	RCC-BM2	Tumor	4394	1491	1.66848588803992	0.0723684210526316	4745	FALSE
RCC-PR3-Normal	RCC-PR3	Adjacent	1317	612	1.77664974619289	0.0380566801619433	5051	FALSE
RCC-BM2-PTumor2	RCC-BM2	Tumor	2903	1117	1.27540852929454	0.083710407239819	5303	FALSE
RCC-PR9-PTumor2	RCC-PR9	Tumor	2533	1017	1.80210338398153	0.0543778801843318	5688	FALSE
RCC-PR1-PTumor	RCC-PR1	Tumor	1806	827	9.13413328715692	0.117647058823529	5906	FALSE
RCC-PR9-PTumor	RCC-PR9	Tumor	1646	722	1.57270676583355	0.0680728667305848	6504	FALSE
RCC-PR5-Normal	RCC-PR5	Adjacent	1298	577	1.10937629149183	0.0879007238883144	6606	FALSE
RCC-BM1-Normal	RCC-BM1	Adjacent	1603	744	3.00044782803403	0.03420523138833	7043	FALSE
RCC-PR2-PTumor	RCC-PR2	Tumor	1488	661	1.38270823581636	0.0556900726392252	7332	FALSE
RCC-PR5-PTumor2	RCC-PR5	Tumor	1325	583	1.09980668827073	0.0909090909090909	7708	FALSE
RCC-PR5-PTumor1	RCC-PR5	Tumor	1517	668	1.35761589403974	0.07	8689	FALSE
RCC-PR3-PTumor1	RCC-PR3	Tumor	1640	712	1.27630217316316	0.0626415094339623	9239	FALSE
RCC-BM1-PTumor	RCC-BM1	Tumor	1397	654	1.87823834196891	0.0918918918918919	9971	FALSE
RCC-PR5-PTumor3	RCC-PR5	Tumor	1270	583	1.10262934690416	0.0758293838862559	10187	FALSE
RCC-PR3-PTumor2	RCC-PR3	Tumor	1315	649	1.81159420289855	0.047970479704797	10571	FALSE
RCC-PR4-PTumor	RCC-PR4	Tumor	1210	608	1.62443144899285	0.0638002773925104	10675	FALSE
RCC-PR3-PTumor3	RCC-PR3	Tumor	1447	689	2.18097447795824	0.0423452768729642	12349	FALSE
