model	feature	logFC	CI.L	CI.R	P.Value	state
A_only	FN1	-0.226198619272433	-1.48031693030639	1.02791969176152	0.71192256126539	all_Endothelial
A_only	FN1	-0.521733803112518	-1.67425948009343	0.630791873868393	0.358360856019622	clean_Endothelial
AB	FN1	0.856200333265498	0.147716102152013	1.56468456437898	0.0189889695098242	all_Endothelial
AB	FN1	0.615919584798533	-0.10652958167525	1.33836875127232	0.0928347975582736	clean_Endothelial
ABC	FN1	0.362744366731541	-0.278506986842044	1.00399572030513	0.261847404594758	all_Endothelial
ABC	FN1	0.163212176523242	-0.512817013483288	0.839241366529771	0.630461031561961	clean_Endothelial
B_only	FN1	1.26554393061258	0.595845646586263	1.93524221463889	0.000672496874535543	all_Endothelial
B_only	FN1	1.09040659079654	0.324775145005094	1.85603803658798	0.00717673554651711	clean_Endothelial
C_only	FN1	-0.791871717554824	-1.77824654418105	0.194503109071403	0.107662308716104	all_Endothelial
C_only	FN1	-0.920125272654998	-1.96935956925527	0.129109023945277	0.0814941093811236	clean_Endothelial
d_paired	FN1	0.641675799474711	-0.177081341938055	1.46043294088748	0.117917940573896	all_Endothelial
d_paired	FN1	0.477353883345681	-0.333300492330922	1.28800825902228	0.233528921847559	clean_Endothelial
A_only	panel_sum	0.106117007307028	-0.919452889976977	1.13168690459103	0.829790373753365	all_Endothelial
A_only	panel_sum	-0.14111986279324	-1.05670831977234	0.774468594185859	0.749007925402009	clean_Endothelial
AB	panel_sum	1.23258396313045	0.710591512856506	1.7545764134044	2.98702736825572e-05	all_Endothelial
AB	panel_sum	1.16513850181032	0.659569403929513	1.67070759969113	4.21892233875348e-05	clean_Endothelial
ABC	panel_sum	0.695739010748071	0.12283771031071	1.26864031118543	0.0184461565155123	all_Endothelial
ABC	panel_sum	0.676162081301456	0.085574806938732	1.26674935566418	0.0257975991883507	clean_Endothelial
B_only	panel_sum	1.62470164731258	1.23634528258022	2.01305801204493	9.33502823756021e-08	all_Endothelial
B_only	panel_sum	1.63222853704722	1.2427674007424	2.02168967335204	9.10320978195742e-08	clean_Endothelial
C_only	panel_sum	0.0558413459261286	-1.60487907436878	1.71656176622104	0.940099113248112	all_Endothelial
C_only	panel_sum	0.0286397683783145	-1.60718352553695	1.66446306229358	0.96878498438364	clean_Endothelial
d_paired	panel_sum	0.858638141706919	-0.0636023578418852	1.78087864125572	0.0652948416612169	all_Endothelial
d_paired	panel_sum	0.83522511047428	-0.0599658847022547	1.73041610565082	0.064801017217282	clean_Endothelial
A_only	SPARC	-0.0838664648939811	-1.20973551363966	1.0420025838517	0.878626509903885	all_Endothelial
A_only	SPARC	-0.196260595601296	-1.39254997628967	1.00002878508707	0.737133454879707	clean_Endothelial
AB	SPARC	1.27047379405251	0.637550569164004	1.90339701894102	0.000207613149498222	all_Endothelial
AB	SPARC	1.27274512714706	0.608848515142076	1.93664173915205	0.000358242765495405	clean_Endothelial
ABC	SPARC	0.88270454901533	0.238909549477688	1.52649954855297	0.00810025706638023	all_Endothelial
ABC	SPARC	0.862184118216267	0.180047619014119	1.54432061741841	0.0141851222149136	clean_Endothelial
B_only	SPARC	1.83504159631641	1.47431672328066	2.19576646935217	1.72265020757623e-10	all_Endothelial
B_only	SPARC	1.88865166221568	1.53798756101777	2.23931576341358	6.44690681040244e-11	clean_Endothelial
C_only	SPARC	-0.245798090690142	-1.49795644114213	1.00636025976184	0.681621592836735	all_Endothelial
C_only	SPARC	-0.277202765877961	-1.51341640908322	0.959010877327296	0.640864754041939	clean_Endothelial
d_paired	SPARC	1.03652841712548	0.222323022332569	1.8507338119184	0.0151101676576785	all_Endothelial
d_paired	SPARC	1.07114247332526	0.274463403976968	1.86782154267355	0.010954936278543	clean_Endothelial
