model	feature	n_donors	pairing	logFC	CI.L	CI.R	P.Value	status
B_only	panel_sum	11	n_donors=11 (paired=8, unpaired=3)	1.63222853704722	1.2427674007424	2.02168967335204	9.10320978195742e-08	tested
B_only	SPARC	11	n_donors=11 (paired=8, unpaired=3)	1.88865166221568	1.53798756101777	2.23931576341358	6.44690681040244e-11	tested
B_only	FN1	11	n_donors=11 (paired=8, unpaired=3)	1.09040659079654	0.324775145005094	1.85603803658798	0.00717673554651711	tested
C_only	panel_sum	7	n_donors=7 (paired=3, unpaired=4)	0.0286397683783145	-1.60718352553695	1.66446306229358	0.96878498438364	tested
C_only	SPARC	7	n_donors=7 (paired=3, unpaired=4)	-0.277202765877961	-1.51341640908322	0.959010877327296	0.640864754041939	tested
C_only	FN1	7	n_donors=7 (paired=3, unpaired=4)	-0.920125272654998	-1.96935956925527	0.129109023945277	0.0814941093811236	tested
AB	panel_sum	28	n_donors=28 (paired=10, unpaired=18)	1.16513850181032	0.659569403929513	1.67070759969113	4.21892233875348e-05	tested
AB	SPARC	28	n_donors=28 (paired=10, unpaired=18)	1.27274512714706	0.608848515142076	1.93664173915205	0.000358242765495405	tested
AB	FN1	28	n_donors=28 (paired=10, unpaired=18)	0.615919584798533	-0.10652958167525	1.33836875127232	0.0928347975582736	tested
ABC	panel_sum	35	n_donors=35 (paired=13, unpaired=22)	0.676162081301456	0.085574806938732	1.26674935566418	0.0257975991883507	tested
ABC	SPARC	35	n_donors=35 (paired=13, unpaired=22)	0.862184118216267	0.180047619014119	1.54432061741841	0.0141851222149136	tested
ABC	FN1	35	n_donors=35 (paired=13, unpaired=22)	0.163212176523242	-0.512817013483288	0.839241366529771	0.630461031561961	tested
d_paired	panel_sum	13	n_donors=13 (paired=13, unpaired=0)	0.83522511047428	-0.0599658847022547	1.73041610565082	0.064801017217282	tested
d_paired	SPARC	13	n_donors=13 (paired=13, unpaired=0)	1.07114247332526	0.274463403976968	1.86782154267355	0.010954936278543	tested
d_paired	FN1	13	n_donors=13 (paired=13, unpaired=0)	0.477353883345681	-0.333300492330922	1.28800825902228	0.233528921847559	tested
A_only	panel_sum	17	n_donors=17 (paired=2, unpaired=15)	-0.14111986279324	-1.05670831977234	0.774468594185859	0.749007925402009	tested
A_only	SPARC	17	n_donors=17 (paired=2, unpaired=15)	-0.196260595601296	-1.39254997628967	1.00002878508707	0.737133454879707	tested
A_only	FN1	17	n_donors=17 (paired=2, unpaired=15)	-0.521733803112518	-1.67425948009343	0.630791873868393	0.358360856019622	tested
