population	stage	donor_id	cohort	Tumor	Adjacent
Stromal_fibro_myo	before	C3L-00079	A	57	451
Stromal_fibro_myo	before	C3L-00088	A	302	14
Stromal_fibro_myo	before	C3N-00242	A	8	324
Stromal_fibro_myo	before	C3N-01200	A	238	39
Stromal_fibro_myo	before	RCC-BM1	B	8	62
Stromal_fibro_myo	before	RCC-BM2	B	43	10
Stromal_fibro_myo	before	RCC-PR1	B	18	8
Stromal_fibro_myo	before	RCC-PR2	B	18	4
Stromal_fibro_myo	before	RCC-PR3	B	79	11
Stromal_fibro_myo	before	RCC-PR4	B	6	2
Stromal_fibro_myo	before	RCC-PR5	B	94	6
Stromal_fibro_myo	before	RCC-PR6	B	0	3
Stromal_fibro_myo	before	RCC-PR8	B	0	4
Stromal_fibro_myo	before	RCC-PR9	B	36	8
Stromal_fibro_myo	before	C3L-00004	A	58	0
Stromal_fibro_myo	before	C3L-00010	A	19	0
Stromal_fibro_myo	before	C3L-00026	A	20	0
Stromal_fibro_myo	before	C3L-00096	A	12	0
Stromal_fibro_myo	before	C3L-00416	A	47	0
Stromal_fibro_myo	before	C3L-00448	A	118	0
Stromal_fibro_myo	before	C3L-00583	A	20	0
Stromal_fibro_myo	before	C3L-00610	A	78	0
Stromal_fibro_myo	before	C3L-00790	A	320	0
Stromal_fibro_myo	before	C3L-00813	A	107	0
Stromal_fibro_myo	before	C3L-00908	A	34	0
Stromal_fibro_myo	before	C3L-00917	A	20	0
Stromal_fibro_myo	before	C3L-01287	A	14	0
Stromal_fibro_myo	before	C3L-01302	A	22	0
Stromal_fibro_myo	before	C3L-01313	A	34	0
Stromal_fibro_myo	before	C3N-00177	A	26	0
Stromal_fibro_myo	before	C3N-00317	A	38	0
Stromal_fibro_myo	before	C3N-00437	A	27	0
Stromal_fibro_myo	before	C3N-00495	A	197	0
Stromal_fibro_myo	before	C3N-00733	A	120	0
Stromal_fibro_myo	before	C3N-01213	A	8	0
Stromal_fibro_myo	before	RCC-PR7	B	40	0
Stromal_fibro_myo	after	C3L-00079	A	49	398
Stromal_fibro_myo	after	C3L-00088	A	300	14
Stromal_fibro_myo	after	C3N-00242	A	6	220
Stromal_fibro_myo	after	C3N-01200	A	215	39
Stromal_fibro_myo	after	RCC-BM1	B	6	47
Stromal_fibro_myo	after	RCC-BM2	B	41	10
Stromal_fibro_myo	after	RCC-PR1	B	14	5
Stromal_fibro_myo	after	RCC-PR2	B	17	2
Stromal_fibro_myo	after	RCC-PR3	B	70	6
Stromal_fibro_myo	after	RCC-PR4	B	5	2
Stromal_fibro_myo	after	RCC-PR5	B	82	4
Stromal_fibro_myo	after	RCC-PR6	B	0	3
Stromal_fibro_myo	after	RCC-PR8	B	0	4
Stromal_fibro_myo	after	RCC-PR9	B	36	8
Stromal_fibro_myo	after	C3L-00004	A	57	0
Stromal_fibro_myo	after	C3L-00010	A	15	0
Stromal_fibro_myo	after	C3L-00026	A	18	0
Stromal_fibro_myo	after	C3L-00096	A	10	0
Stromal_fibro_myo	after	C3L-00416	A	39	0
Stromal_fibro_myo	after	C3L-00448	A	118	0
Stromal_fibro_myo	after	C3L-00583	A	19	0
Stromal_fibro_myo	after	C3L-00610	A	78	0
Stromal_fibro_myo	after	C3L-00790	A	320	0
Stromal_fibro_myo	after	C3L-00813	A	103	0
Stromal_fibro_myo	after	C3L-00908	A	25	0
Stromal_fibro_myo	after	C3L-00917	A	20	0
Stromal_fibro_myo	after	C3L-01287	A	14	0
Stromal_fibro_myo	after	C3L-01302	A	22	0
Stromal_fibro_myo	after	C3L-01313	A	33	0
Stromal_fibro_myo	after	C3N-00177	A	12	0
Stromal_fibro_myo	after	C3N-00317	A	31	0
Stromal_fibro_myo	after	C3N-00437	A	22	0
Stromal_fibro_myo	after	C3N-00495	A	197	0
Stromal_fibro_myo	after	C3N-00733	A	116	0
Stromal_fibro_myo	after	C3N-01213	A	8	0
Stromal_fibro_myo	after	RCC-PR7	B	40	0
Endothelial	before	C3L-00079	A	47	362
Endothelial	before	C3N-00242	A	11	139
Endothelial	before	C3N-01200	A	196	26
Endothelial	before	RCC-BM1	B	53	1109
Endothelial	before	RCC-BM2	B	101	92
Endothelial	before	RCC-PR1	B	12	373
Endothelial	before	RCC-PR2	B	155	187
Endothelial	before	RCC-PR3	B	2168	421
Endothelial	before	RCC-PR4	B	204	50
Endothelial	before	RCC-PR5	B	770	120
Endothelial	before	RCC-PR6	B	58	246
Endothelial	before	RCC-PR8	B	0	69
Endothelial	before	RCC-PR9	B	319	352
Endothelial	before	C3L-00004	A	50	0
Endothelial	before	C3L-00010	A	90	0
Endothelial	before	C3L-00026	A	35	0
Endothelial	before	C3L-00088	A	565	0
Endothelial	before	C3L-00096	A	13	0
Endothelial	before	C3L-00416	A	85	0
Endothelial	before	C3L-00448	A	100	0
Endothelial	before	C3L-00583	A	24	0
Endothelial	before	C3L-00610	A	49	0
Endothelial	before	C3L-00790	A	310	0
Endothelial	before	C3L-00813	A	91	0
Endothelial	before	C3L-00908	A	37	0
Endothelial	before	C3L-00917	A	16	0
Endothelial	before	C3L-01287	A	16	0
Endothelial	before	C3L-01302	A	16	0
Endothelial	before	C3L-01313	A	16	0
Endothelial	before	C3N-00177	A	21	0
Endothelial	before	C3N-00317	A	54	0
Endothelial	before	C3N-00437	A	227	0
Endothelial	before	C3N-00495	A	153	0
Endothelial	before	C3N-00733	A	175	0
Endothelial	before	C3N-01213	A	85	0
Endothelial	before	RCC-PR7	B	231	0
Endothelial	after	C3L-00079	A	23	261
Endothelial	after	C3N-00242	A	9	104
Endothelial	after	C3N-01200	A	173	26
Endothelial	after	RCC-BM1	B	48	912
Endothelial	after	RCC-BM2	B	100	90
Endothelial	after	RCC-PR1	B	9	220
Endothelial	after	RCC-PR2	B	137	101
Endothelial	after	RCC-PR3	B	1650	207
Endothelial	after	RCC-PR4	B	157	23
Endothelial	after	RCC-PR5	B	716	95
Endothelial	after	RCC-PR6	B	58	241
Endothelial	after	RCC-PR8	B	0	66
Endothelial	after	RCC-PR9	B	317	344
Endothelial	after	C3L-00004	A	50	0
Endothelial	after	C3L-00010	A	32	0
Endothelial	after	C3L-00026	A	25	0
Endothelial	after	C3L-00088	A	556	0
Endothelial	after	C3L-00096	A	12	0
Endothelial	after	C3L-00416	A	68	0
Endothelial	after	C3L-00448	A	100	0
Endothelial	after	C3L-00583	A	14	0
Endothelial	after	C3L-00610	A	49	0
Endothelial	after	C3L-00790	A	310	0
Endothelial	after	C3L-00813	A	88	0
Endothelial	after	C3L-00908	A	15	0
Endothelial	after	C3L-00917	A	16	0
Endothelial	after	C3L-01287	A	16	0
Endothelial	after	C3L-01302	A	16	0
Endothelial	after	C3L-01313	A	15	0
Endothelial	after	C3N-00177	A	5	0
Endothelial	after	C3N-00317	A	33	0
Endothelial	after	C3N-00437	A	125	0
Endothelial	after	C3N-00495	A	153	0
Endothelial	after	C3N-00733	A	160	0
Endothelial	after	C3N-01213	A	85	0
Endothelial	after	RCC-PR7	B	216	0
Pericyte	before	RCC-BM1	B	137	715
Pericyte	before	RCC-BM2	B	219	218
Pericyte	before	RCC-PR1	B	27	212
Pericyte	before	RCC-PR2	B	1538	151
Pericyte	before	RCC-PR3	B	5327	311
Pericyte	before	RCC-PR4	B	344	96
Pericyte	before	RCC-PR5	B	2389	126
Pericyte	before	RCC-PR6	B	154	107
Pericyte	before	RCC-PR8	B	0	76
Pericyte	before	RCC-PR9	B	980	195
Pericyte	before	RCC-PR7	B	1122	0
Pericyte	after	RCC-BM1	B	131	637
Pericyte	after	RCC-BM2	B	213	211
Pericyte	after	RCC-PR1	B	22	159
Pericyte	after	RCC-PR2	B	1445	98
Pericyte	after	RCC-PR3	B	4736	239
Pericyte	after	RCC-PR4	B	270	67
Pericyte	after	RCC-PR5	B	2328	93
Pericyte	after	RCC-PR6	B	154	93
Pericyte	after	RCC-PR8	B	0	60
Pericyte	after	RCC-PR9	B	974	189
Pericyte	after	RCC-PR7	B	1105	0
