cohort	major_population	condition	n_before	n_after	fraction_retained	overall_fraction_retained	pp_below_cohort_overall	flagged
A	Lymphoid	Adjacent	1129	157	0.139061116031887	0.874166960197253	73.5105844165366	TRUE
A	Myeloid	Adjacent	719	319	0.443671766342142	0.874166960197253	43.0495193855111	TRUE
A	Lymphoid	Tumor	9226	5133	0.556362453934533	0.874166960197253	31.780450626272	TRUE
A	Unresolved	Tumor	1039	584	0.562078922040424	0.874166960197253	31.2088038156829	TRUE
A	Myeloid	Tumor	24149	16531	0.684541802973208	0.874166960197253	18.9625157224045	TRUE
A	Endothelial	Adjacent	527	391	0.741935483870968	0.874166960197253	13.2231476326285	FALSE
A	Stromal_fibro_myo	Adjacent	828	671	0.810386473429952	0.874166960197253	6.37804867673009	FALSE
A	Nonmalignant_epithelial	Tumor	618	513	0.830097087378641	0.874166960197253	4.40698728186119	FALSE
A	Unresolved	Adjacent	37	31	0.837837837837838	0.874166960197253	3.63291223594148	FALSE
A	Endothelial	Tumor	2482	2148	0.865431103948429	0.874166960197253	0.873585624882389	FALSE
A	Nonmalignant_epithelial	Adjacent	10716	10045	0.937383351997014	0.874166960197253	-6.32163917997612	FALSE
A	Stromal_fibro_myo	Tumor	1944	1847	0.950102880658436	0.874166960197253	-7.59359204611836	FALSE
A	Malignant_epithelial	Tumor	88536	85718	0.968171139423511	0.874166960197253	-9.40041792262587	FALSE
B	Nonmalignant_epithelial	Adjacent	6714	3446	0.513255883229074	0.764829206807659	25.1573323578585	TRUE
B	Malignant_epithelial	Tumor	9066	4883	0.538605779836753	0.764829206807659	22.6223426970906	TRUE
B	Lymphoid	Adjacent	15457	9207	0.595652455198292	0.764829206807659	16.9176751609367	TRUE
B	Lymphoid	Tumor	67195	49568	0.737673934072476	0.764829206807659	2.71552727351834	FALSE
B	Unresolved	Adjacent	278	210	0.755395683453237	0.764829206807659	0.94335233544216	FALSE
B	Endothelial	Adjacent	3019	2299	0.761510433918516	0.764829206807659	0.331877288914295	FALSE
B	Stromal_fibro_myo	Adjacent	118	91	0.771186440677966	0.764829206807659	-0.635723387030718	FALSE
B	Pericyte	Adjacent	2207	1846	0.836429542365202	0.764829206807659	-7.16003355575426	FALSE
B	Endothelial	Tumor	4071	3408	0.837140751658069	0.764829206807659	-7.23115448504102	FALSE
B	Unresolved	Tumor	1809	1637	0.904919845218353	0.764829206807659	-14.0090638410694	FALSE
B	Stromal_fibro_myo	Tumor	342	311	0.909356725146199	0.764829206807659	-14.452751833854	FALSE
B	Myeloid	Adjacent	8034	7315	0.910505352252925	0.764829206807659	-14.5676145445266	FALSE
B	Myeloid	Tumor	27334	25153	0.920209263188703	0.764829206807659	-15.5380056381044	FALSE
B	Pericyte	Tumor	12237	11378	0.92980305630465	0.764829206807659	-16.4973849496991	FALSE
