cohort	donor_id	gene	tumor_logcpm	adjacent_logcpm	diff
A	C3L-00079	COL1A1	5.12154821812745	3.25715182260228	1.86439639552517
A	C3L-00079	COL1A2	0.0718089429565352	3.25715182260228	-3.18534287964575
A	C3L-00079	COL3A1	3.62116971042192	4.86461754579388	-1.24344783537195
A	C3L-00079	COL5A1	5.12154821812745	3.95585837528469	1.16568984284276
A	C3L-00079	COL6A1	3.62116971042192	4.0328817113238	-0.41171200090188
A	C3L-00079	COL6A2	2.73941693193062	5.58061268162843	-2.84119574969781
A	C3L-00079	FN1	7.02758920604726	7.41276530331355	-0.385176097266288
A	C3L-00079	SPARC	8.6458958571511	8.44047074647853	0.205425110672568
A	C3L-00079	DCN	0.0718089429565352	4.10600046582596	-4.03419152286943
A	C3L-00079	LUM	0.0718089429565352	3.25715182260228	-3.18534287964575
A	C3L-00079	panel_sum	9.29326124804851	9.37177068885935	-0.0785094408108353
A	C3N-01200	COL1A1	4.96299975832264	0.0718089429565352	4.89119081536611
A	C3N-01200	COL1A2	5.30046754819186	0.0718089429565352	5.22865860523533
A	C3N-01200	COL3A1	4.68425645062514	0.0718089429565352	4.6124475076686
A	C3N-01200	COL5A1	5.45863995341718	3.39013328052034	2.06850667289684
A	C3N-01200	COL6A1	4.0511141205309	4.31594277804736	-0.264828657516468
A	C3N-01200	COL6A2	5.70585380297925	4.87530235166281	0.83055145131644
A	C3N-01200	FN1	8.61785037240455	4.31594277804736	4.30190759435719
A	C3N-01200	SPARC	7.91436966467234	3.39013328052034	4.524236384152
A	C3N-01200	DCN	1.92254663015509	0.0718089429565352	1.85073768719855
A	C3N-01200	LUM	2.48992945464327	0.0718089429565352	2.41812051168673
A	C3N-01200	panel_sum	9.71855974124286	6.48565975944206	3.2328999818008
B	RCC-BM1	COL1A1	0.0718089429565352	1.3968020144231	-1.32499307146656
B	RCC-BM1	COL1A2	0.0718089429565352	0.881353798234415	-0.809544855277879
B	RCC-BM1	COL3A1	4.7421877424224	5.97164574511249	-1.22945800269009
B	RCC-BM1	COL5A1	0.0718089429565352	1.3968020144231	-1.32499307146656
B	RCC-BM1	COL6A1	5.14299110516322	5.25668213889959	-0.113691033736373
B	RCC-BM1	COL6A2	0.0718089429565352	4.1426985654556	-4.07088962249906
B	RCC-BM1	FN1	9.52774662014365	8.73689692067268	0.790849699470975
B	RCC-BM1	SPARC	11.1981037728449	9.6281344373624	1.56996933548246
B	RCC-BM1	DCN	0.0718089429565352	1.3968020144231	-1.32499307146656
B	RCC-BM1	LUM	0.0718089429565352	0.0718089429565377	-2.56739074444567e-15
B	RCC-BM1	panel_sum	11.6210296221695	10.3851134599927	1.23591616217679
B	RCC-BM2	COL1A1	4.26243926255871	2.21020827644427	2.05223098611444
B	RCC-BM2	COL1A2	3.5131554972504	2.21020827644427	1.30294722080613
B	RCC-BM2	COL3A1	5.11859023726042	4.8905502881791	0.228039949081324
B	RCC-BM2	COL5A1	3.5131554972504	0.0718089429565352	3.44134655429386
B	RCC-BM2	COL6A1	4.26243926255871	4.70518961281665	-0.442750350257938
B	RCC-BM2	COL6A2	7.31412826018345	5.45837143687298	1.85575682331046
B	RCC-BM2	FN1	8.41171341645986	8.84181142369744	-0.430098007237584
B	RCC-BM2	SPARC	10.5988106987468	9.46999921877269	1.12881147997413
B	RCC-BM2	DCN	0.0718089429565352	3.0362936838547	-2.96448474089816
B	RCC-BM2	LUM	1.86497330222511	0.0718089429565352	1.79316435926857
B	RCC-BM2	panel_sum	11.0647049773059	10.320305330998	0.744399646307926
B	RCC-PR2	COL1A1	4.38006034055526	0.0718089429565352	4.30825139759872
B	RCC-PR2	COL1A2	3.69084367469073	0.0718089429565352	3.6190347317342
B	RCC-PR2	COL3A1	5.91563931020386	5.6530996663849	0.262539643818963
B	RCC-PR2	COL5A1	0.0718089429565377	0.0718089429565352	2.56739074444567e-15
B	RCC-PR2	COL6A1	4.8445294383051	4.86816911707391	-0.0236396787688129
B	RCC-PR2	COL6A2	5.34318206944589	4.86816911707391	0.475012952371975
B	RCC-PR2	FN1	9.75994521388354	7.14795238944971	2.61199282443382
B	RCC-PR2	SPARC	11.7701120715107	8.98820683922248	2.78190523228822
B	RCC-PR2	DCN	0.0718089429565377	0.0718089429565352	2.56739074444567e-15
B	RCC-PR2	LUM	0.0718089429565377	0.0718089429565352	2.56739074444567e-15
B	RCC-PR2	panel_sum	12.1413897165219	9.56348875297785	2.57790096354405
B	RCC-PR3	COL1A1	2.16873063873842	0.0718089429565377	2.09692169578189
B	RCC-PR3	COL1A2	4.1079952112474	3.2220661645404	0.885929046706996
B	RCC-PR3	COL3A1	6.47418803501858	3.2220661645404	3.25212187047818
B	RCC-PR3	COL5A1	1.9287408359265	2.37604814551266	-0.44730730958616
B	RCC-PR3	COL6A1	4.21891830650558	5.54201265381035	-1.32309434730476
B	RCC-PR3	COL6A2	5.40578624193012	5.09473393531852	0.311052306611597
B	RCC-PR3	FN1	9.71596393838928	7.51739535444483	2.19856858394445
B	RCC-PR3	SPARC	11.2106711742622	9.04122941883355	2.16944175542861
B	RCC-PR3	DCN	1.28044010397783	0.0718089429565377	1.20863116102129
B	RCC-PR3	LUM	0.0718089429565377	0.0718089429565377	0
B	RCC-PR3	panel_sum	11.7226443248788	9.66069156045196	2.06195276442686
B	RCC-PR4	COL1A1	2.19999730380729	0.0718089429565352	2.12818836085075
B	RCC-PR4	COL1A2	2.19999730380729	0.0718089429565352	2.12818836085075
B	RCC-PR4	COL3A1	6.42795910458068	6.91822660840944	-0.490267503828766
B	RCC-PR4	COL5A1	0.0718089429565377	4.39462601365349	-4.32281707069695
B	RCC-PR4	COL6A1	4.23034055186411	4.39462601365349	-0.164285461789374
B	RCC-PR4	COL6A2	0.0718089429565377	0.0718089429565352	2.56739074444567e-15
B	RCC-PR4	FN1	8.73572919910831	8.57258799477362	0.163141204334694
B	RCC-PR4	SPARC	11.0904154688467	8.71659854295538	2.37381692589128
B	RCC-PR4	DCN	0.0718089429565377	0.0718089429565352	2.56739074444567e-15
B	RCC-PR4	LUM	0.0718089429565377	0.0718089429565352	2.56739074444567e-15
B	RCC-PR4	panel_sum	11.4074223012117	9.92058808007229	1.4868342211394
B	RCC-PR5	COL1A1	3.47209173681251	3.0019146393571	0.47017709745541
B	RCC-PR5	COL1A2	5.19166593998765	3.90402297987735	1.2876429601103
B	RCC-PR5	COL3A1	6.8442951259873	6.40200784721387	0.442287278773435
B	RCC-PR5	COL5A1	2.68006719669902	3.90402297987735	-1.22395578317832
B	RCC-PR5	COL6A1	4.65313116694302	5.6371513234618	-0.984020156518779
B	RCC-PR5	COL6A2	5.08183830332805	5.41982793499104	-0.337989631662985
B	RCC-PR5	FN1	10.2847255627258	8.47569347943765	1.80903208328814
B	RCC-PR5	SPARC	11.0494406054448	9.03072316065754	2.01871744478723
B	RCC-PR5	DCN	2.34181545022332	0.0718089429565352	2.27000650726679
B	RCC-PR5	LUM	0.0718089429565352	0.0718089429565352	0
B	RCC-PR5	panel_sum	11.8100711401734	10.0890242698469	1.72104687032644
B	RCC-PR6	COL1A1	0.0718089429565352	1.97830926558695	-1.90650032263041
B	RCC-PR6	COL1A2	4.00298891419936	0.0718089429565352	3.93117997124283
B	RCC-PR6	COL3A1	5.67218571049118	0.0718089429565352	5.60037676753464
B	RCC-PR6	COL5A1	0.0718089429565352	1.97830926558695	-1.90650032263041
B	RCC-PR6	COL6A1	3.46455494963938	4.41115301614708	-0.946598066507709
B	RCC-PR6	COL6A2	2.59576221980594	5.56314165185069	-2.96737943204475
B	RCC-PR6	FN1	7.68514871136115	7.09642037549454	0.588728335866618
B	RCC-PR6	SPARC	11.3066508267256	10.2734010020626	1.03324982466298
B	RCC-PR6	DCN	0.0718089429565352	0.0718089429565352	0
B	RCC-PR6	LUM	0.0718089429565352	0.0718089429565352	0
B	RCC-PR6	panel_sum	11.4610429504123	10.4979376364708	0.963105313941467
B	RCC-PR9	COL1A1	1.19968480855472	0.0718089429565352	1.12787586559818
B	RCC-PR9	COL1A2	3.461780350421	1.56889783499538	1.89288251542563
B	RCC-PR9	COL3A1	5.92724150134429	1.56889783499538	4.35834366634892
B	RCC-PR9	COL5A1	1.82487209632724	0.0718089429565352	1.75306315337071
B	RCC-PR9	COL6A1	3.75591786335138	5.43287414342953	-1.67695628007816
B	RCC-PR9	COL6A2	5.00887954743902	5.07119274794226	-0.0623132005032385
B	RCC-PR9	FN1	10.1717679953003	8.88947448404667	1.28229351125365
B	RCC-PR9	SPARC	11.422949411886	10.1241410106694	1.29880840121668
B	RCC-PR9	DCN	0.0718089429565352	0.0718089429565352	0
B	RCC-PR9	LUM	0.0718089429565352	0.0718089429565352	0
B	RCC-PR9	panel_sum	11.9711109459327	10.7036098557343	1.26750109019842
C	Patient SS_2006	COL1A1	0.0718089429565352	0.0718089429565352	0
C	Patient SS_2006	COL1A2	0.0718089429565352	0.0718089429565352	0
C	Patient SS_2006	COL3A1	0.0718089429565352	5.65152472676365	-5.57971578380712
C	Patient SS_2006	COL5A1	0.0718089429565352	0.0718089429565352	0
C	Patient SS_2006	COL6A1	5.4196865537384	0.0718089429565352	5.34787761078187
C	Patient SS_2006	COL6A2	0.0718089429565352	3.73929672717934	-3.6674877842228
C	Patient SS_2006	FN1	8.19635358960514	9.73134866898312	-1.53499507937798
C	Patient SS_2006	SPARC	9.43041337238787	11.5463588105985	-2.11594543821067
C	Patient SS_2006	DCN	4.45468307014208	0.0718089429565352	4.38287412718555
C	Patient SS_2006	LUM	0.0718089429565352	0.0718089429565352	0
C	Patient SS_2006	panel_sum	10.042034466402	11.93165505218	-1.88962058577797
C	Patient SS_2007	COL1A1	0.0718089429565352	0.0718089429565377	-2.56739074444567e-15
C	Patient SS_2007	COL1A2	0.0718089429565352	3.03081939650025	-2.95901045354371
C	Patient SS_2007	COL3A1	0.0718089429565352	4.88449285771194	-4.81268391475541
C	Patient SS_2007	COL5A1	0.0718089429565352	0.0718089429565377	-2.56739074444567e-15
C	Patient SS_2007	COL6A1	0.0718089429565352	4.48646629204949	-4.41465734909296
C	Patient SS_2007	COL6A2	4.88612408451099	5.19611727522826	-0.309993190717274
C	Patient SS_2007	FN1	7.42771029043707	9.7528442276762	-2.32513393723914
C	Patient SS_2007	SPARC	10.1927619730401	11.7365487076701	-1.54378673463004
C	Patient SS_2007	DCN	6.43649050973793	0.0718089429565377	6.36468156678139
C	Patient SS_2007	LUM	0.0718089429565352	0.0718089429565377	-2.56739074444567e-15
C	Patient SS_2007	panel_sum	10.5204173665956	12.0931449967042	-1.57272763010858
C	Patient SS_2017	COL1A1	0.0718089429565352	0.0718089429565352	0
C	Patient SS_2017	COL1A2	0.0718089429565352	0.0718089429565352	0
C	Patient SS_2017	COL3A1	0.0718089429565352	0.0718089429565352	0
C	Patient SS_2017	COL5A1	0.0718089429565352	0.0718089429565352	0
C	Patient SS_2017	COL6A1	3.99991591673616	5.81650107707854	-1.81658516034237
C	Patient SS_2017	COL6A2	0.0718089429565352	8.11674214540217	-8.04493320244563
C	Patient SS_2017	FN1	7.49527494966373	7.79617908262184	-0.300904132958105
C	Patient SS_2017	SPARC	10.4879026016406	10.8776099792074	-0.389707377566852
C	Patient SS_2017	DCN	0.0718089429565352	0.0718089429565352	0
C	Patient SS_2017	LUM	0.0718089429565352	0.0718089429565352	0
C	Patient SS_2017	panel_sum	10.6766739184469	11.2650774334217	-0.588403514974823
