cohort	donor_id	condition	n_cells	library_size	sample_name
A	C3L-00004	Tumor	27	136447	A_C3L-00004_Tumor
A	C3L-00010	Tumor	30	95268	A_C3L-00010_Tumor
A	C3L-00026	Tumor	20	99651	A_C3L-00026_Tumor
A	C3L-00079	Adjacent	205	746074	A_C3L-00079_Adjacent
A	C3L-00079	Tumor	21	82594	A_C3L-00079_Tumor
A	C3L-00088	Tumor	435	2738817	A_C3L-00088_Tumor
A	C3L-00416	Tumor	58	403372	A_C3L-00416_Tumor
A	C3L-00448	Tumor	88	310189	A_C3L-00448_Tumor
A	C3L-00610	Tumor	46	158876	A_C3L-00610_Tumor
A	C3L-00790	Tumor	277	1037876	A_C3L-00790_Tumor
A	C3L-00813	Tumor	59	220341	A_C3L-00813_Tumor
A	C3N-00242	Adjacent	86	340312	A_C3N-00242_Adjacent
A	C3N-00317	Tumor	26	132073	A_C3N-00317_Tumor
A	C3N-00437	Tumor	109	324881	A_C3N-00437_Tumor
A	C3N-00495	Tumor	134	437526	A_C3N-00495_Tumor
A	C3N-00733	Tumor	84	525110	A_C3N-00733_Tumor
A	C3N-01200	Adjacent	25	34124	A_C3N-01200_Adjacent
A	C3N-01200	Tumor	140	791314	A_C3N-01200_Tumor
A	C3N-01213	Tumor	76	116212	A_C3N-01213_Tumor
B	RCC-BM1	Adjacent	839	1287222	B_RCC-BM1_Adjacent
B	RCC-BM1	Tumor	46	112125	B_RCC-BM1_Tumor
B	RCC-BM2	Adjacent	79	246707	B_RCC-BM2_Adjacent
B	RCC-BM2	Tumor	72	332679	B_RCC-BM2_Tumor
B	RCC-PR1	Adjacent	203	297874	B_RCC-PR1_Adjacent
B	RCC-PR2	Adjacent	87	126011	B_RCC-PR2_Adjacent
B	RCC-PR2	Tumor	104	200539	B_RCC-PR2_Tumor
B	RCC-PR3	Adjacent	183	242917	B_RCC-PR3_Adjacent
B	RCC-PR3	Tumor	933	1670255	B_RCC-PR3_Tumor
B	RCC-PR4	Adjacent	23	38847	B_RCC-PR4_Adjacent
B	RCC-PR4	Tumor	130	235813	B_RCC-PR4_Tumor
B	RCC-PR5	Adjacent	91	149211	B_RCC-PR5_Adjacent
B	RCC-PR5	Tumor	571	1317496	B_RCC-PR5_Tumor
B	RCC-PR6	Adjacent	218	388765	B_RCC-PR6_Adjacent
B	RCC-PR6	Tumor	43	149891	B_RCC-PR6_Tumor
B	RCC-PR7	Tumor	165	480919	B_RCC-PR7_Tumor
B	RCC-PR8	Adjacent	54	116331	B_RCC-PR8_Adjacent
B	RCC-PR9	Adjacent	310	579589	B_RCC-PR9_Adjacent
B	RCC-PR9	Tumor	231	639818	B_RCC-PR9_Tumor
C	Patient SS_2006	Adjacent	260	142372	C_Patient SS_2006_Adjacent
C	Patient SS_2006	Tumor	136	75508	C_Patient SS_2006_Tumor
C	Patient SS_2007	Adjacent	456	178799	C_Patient SS_2007_Adjacent
C	Patient SS_2007	Tumor	80	49620	C_Patient SS_2007_Tumor
C	Patient SS_2014	Adjacent	132	42923	C_Patient SS_2014_Adjacent
C	Patient SS_2017	Adjacent	35	11591	C_Patient SS_2017_Adjacent
C	Patient SS_2017	Tumor	227	64943	C_Patient SS_2017_Tumor
C	Patient SS_2022	Tumor	232	114394	C_Patient SS_2022_Tumor
C	Patient SS_2023	Tumor	953	427207	C_Patient SS_2023_Tumor
C	Patient SS_2026	Tumor	576	229542	C_Patient SS_2026_Tumor
