Cohort C	Endothelial	Lymphoid	Malignant_epithelial	Myeloid	Nonmalignant_epithelial	Pericyte	Stromal_fibro_myo	Unresolved
0	1320	0	57893	639	290	5	0	5	106
1	3198	4	83	254	34890	6	0	1	377
2	4058	8	2	30199	11	107	1	30	23
3	3789	11	1334	28659	67	270	0	43	57
4	2071	10	62	271	51	19	13117	2522	520
5	466	0	272	17	11602	0	0	0	70
6	3673	8123	53	64	29	15	82	67	98
7	1710	0	49	3207	6	4690	2	11	2
8	915	3	10	9	2	6795	1	5	29
9	0	4	0	7340	0	0	0	9	1
10	330	0	3	6197	0	0	0	2	0
11	0	5	1	6453	1	1	0	3	5
12	157	0	2154	75	1774	5	0	0	29
13	91	9	0	3435	17	18	5	113	2
14	0	0	0	3555	1	0	0	0	0
15	40	0	2128	216	13	4	0	35	4
16	342	0	4	3	1	2069	0	1	0
17	13	1	2	6	68	0	16	72	794
18	11	0	13	2	437	0	0	0	10
19	7	68	2	0	58	0	0	1	335
