cluster	n_cells	dominant_category	dominant_pct
0	60258	Lymphoid	96.1
1	38813	Myeloid	89.9
2	34439	Malignant_epithelial	87.7
3	34230	Malignant_epithelial	83.7
4	18643	Pericyte	70.4
5	12427	Myeloid	93.4
6	12204	Endothelial	66.6
7	9677	Nonmalignant_epithelial	48.5
8	7769	Nonmalignant_epithelial	87.5
9	7354	Malignant_epithelial	99.8
10	6532	Malignant_epithelial	94.9
11	6469	Malignant_epithelial	99.8
12	4194	Lymphoid	51.4
13	3690	Malignant_epithelial	93.1
14	3556	Malignant_epithelial	100
15	2440	Lymphoid	87.2
16	2420	Nonmalignant_epithelial	85.5
17	972	Unresolved	81.7
18	473	Myeloid	92.4
19	471	Unresolved	71.1
