cluster	n_ab	n_c	majority_population	majority_pct	assigned	c_label
3	15753	3954	Malignant_epithelial	99.1	TRUE	Malignant_epithelial
6	8166	3410	Endothelial	97	TRUE	Endothelial
1	20246	1623	Myeloid	98.1	TRUE	Myeloid
4	12284	1439	Malignant_epithelial	99.7	TRUE	Malignant_epithelial
22	2346	1324	Nonmalignant_epithelial	89.6	TRUE	Nonmalignant_epithelial
29	941	1208	Lymphoid	47.1	FALSE	Unresolved
9	8401	1078	Myeloid	96.6	TRUE	Myeloid
13	6797	1037	Pericyte	87	TRUE	Pericyte
8	9328	1010	Pericyte	77.1	FALSE	Unresolved
14	6849	912	Nonmalignant_epithelial	99.1	TRUE	Nonmalignant_epithelial
12	7378	746	Malignant_epithelial	99.8	TRUE	Malignant_epithelial
2	21167	573	Lymphoid	96.1	TRUE	Lymphoid
11	7712	562	Myeloid	99	TRUE	Myeloid
0	23303	444	Lymphoid	99.6	TRUE	Lymphoid
5	11226	400	Myeloid	96.9	TRUE	Myeloid
24	2577	345	Nonmalignant_epithelial	97.1	TRUE	Nonmalignant_epithelial
27	2078	342	Nonmalignant_epithelial	99.6	TRUE	Nonmalignant_epithelial
17	6261	337	Malignant_epithelial	99.9	TRUE	Malignant_epithelial
7	11095	225	Malignant_epithelial	93.6	TRUE	Malignant_epithelial
16	6584	208	Lymphoid	95	TRUE	Lymphoid
18	6318	179	Malignant_epithelial	99.9	TRUE	Malignant_epithelial
20	4092	169	Malignant_epithelial	86.7	TRUE	Malignant_epithelial
34	361	152	Endothelial	59.3	FALSE	Unresolved
26	2354	119	Lymphoid	91	TRUE	Lymphoid
10	8301	110	Lymphoid	98.9	TRUE	Lymphoid
21	4077	104	Malignant_epithelial	97.7	TRUE	Malignant_epithelial
25	2747	54	Lymphoid	89.6	TRUE	Lymphoid
31	1707	44	Myeloid	96.1	TRUE	Myeloid
30	1769	37	Malignant_epithelial	99.7	TRUE	Malignant_epithelial
28	2251	12	Malignant_epithelial	94.9	TRUE	Malignant_epithelial
33	950	12	Unresolved	83.6	FALSE	Unresolved
35	464	11	Myeloid	94.6	TRUE	Myeloid
36	437	7	Unresolved	75.1	FALSE	Unresolved
32	1308	4	Malignant_epithelial	99.7	TRUE	Malignant_epithelial
15	7174	0	Malignant_epithelial	99.8	TRUE	Malignant_epithelial
19	6482	0	Malignant_epithelial	99.8	TRUE	Malignant_epithelial
23	3556	0	Malignant_epithelial	100	TRUE	Malignant_epithelial
