group	marker	mean_expr	pct_expr	n_measured	expr_z
Endothelial	PECAM1	1.34418425270179	51.3195495041183	5949	2.09212720526001
Endothelial	CDH5	0.439377080427612	24.2450240219629	11656	2.46521607666978
Endothelial	CD68	0.0228488064929057	1.38126286890872	11656	-0.4954254843765
Endothelial	LYZ	0.0682808145914318	3.75772134522992	11656	-0.459839557217365
Endothelial	CD3D	0.0322882500903571	2.00754975978037	11656	-0.352679162677967
Endothelial	PTPRC	0.0912198436385015	5.56794783802334	11656	-0.651588988362962
Endothelial	CA9	0.0117567750785783	0.832189430336307	11656	-0.392569368648653
Endothelial	NDUFA4L2	0.134108273238472	6.5974605353466	11656	-0.507075881775937
Endothelial	EPCAM	0.0159238456754898	1.04667124227865	11656	-0.361789051174594
Endothelial	RGS5	0.309127371730437	13.0147563486616	11656	-0.477966087619072
Endothelial	PDGFRB	0.0305737384680419	1.70727522306108	11656	-0.601847790486256
Endothelial	PDGFRA	0.00222059176642769	0.145847632120796	11656	-0.356400680896455
Endothelial	ACTA2	0.0782227612114623	4.15236787920384	11656	-0.606701072236973
Lymphoid	PECAM1	0.32555086920337	16.7107972933216	6798	-0.0773864936930446
Lymphoid	CDH5	0.00110152209549105	0.0686258063532247	65573	-0.415191646291749
Lymphoid	CD68	0.036665323541468	2.32260229057691	65573	-0.444479613006521
Lymphoid	LYZ	0.129824879473478	7.37956170985009	65573	-0.359395382227566
Lymphoid	CD3D	1.3899009729467	56.3524621414302	65573	2.47302874552489
Lymphoid	PTPRC	1.77119864111701	70.2438503652418	65573	1.97604847352236
Lymphoid	CA9	0.00156662054826163	0.0960761288945145	65573	-0.497550142229873
Lymphoid	NDUFA4L2	0.0615093132968858	3.46636572979732	65573	-0.583047487415977
Lymphoid	EPCAM	0.00171537230619769	0.106751254327238	65573	-0.473960312746834
Lymphoid	RGS5	0.125472883422943	6.53012672898907	65573	-0.591988817315761
Lymphoid	PDGFRB	0.0248338029920673	1.30084028487335	65573	-0.614121624852742
Lymphoid	PDGFRA	2.35948446208832e-05	0.00152501791896055	65573	-0.396537451826204
Lymphoid	ACTA2	0.080776662790978	4.62385433028838	65573	-0.603386735002173
Malignant_epithelial	PECAM1	0.0570753930195748	4.770565193061	92924	-0.649193026690492
Malignant_epithelial	CDH5	0.0042974703849143	0.358870019528255	97807	-0.394187431112439
Malignant_epithelial	CD68	0.0436949907060412	3.22165080208983	97807	-0.4185590052382
Malignant_epithelial	LYZ	0.0307719951138367	2.4486999907982	97807	-0.521056547588234
Malignant_epithelial	CD3D	0.0143357100005229	0.927336489208339	97807	-0.390045219764883
Malignant_epithelial	PTPRC	0.132726307866902	10.2221722371609	97807	-0.58666915694566
Malignant_epithelial	CA9	0.284479748840713	20.9760037625119	97807	2.4170709242184
Malignant_epithelial	NDUFA4L2	0.410384238781958	21.8338155755723	97807	-0.217965284062428
Malignant_epithelial	EPCAM	0.0552658943584283	4.62850307237723	97807	-0.0511964126199584
Malignant_epithelial	RGS5	0.0986338385785668	7.62624352040242	97807	-0.608651961156187
Malignant_epithelial	PDGFRB	0.00794587501620138	0.585847638717065	97807	-0.650233464722114
Malignant_epithelial	PDGFRA	0.00030883851764187	0.0245381209933849	97807	-0.391326356694678
Malignant_epithelial	ACTA2	0.100397864596068	8.0740642285317	97807	-0.577923232314468
Myeloid	PECAM1	0.787250633773677	46.538311940879	20568	0.905954500491288
Myeloid	CDH5	0.00277574229347716	0.205520778339241	53036	-0.404188439070773
Myeloid	CD68	0.802642249104811	41.3059054227317	53036	2.37991974791508
Myeloid	LYZ	1.7923537423026	58.0586771249717	53036	2.35396682976885
Myeloid	CD3D	0.0655992859193603	5.09465268873972	53036	-0.283346240418367
Myeloid	PTPRC	1.20515847587503	61.0472132136662	53036	1.09071090536141
Myeloid	CA9	0.00541470370677571	0.39030092767177	53036	-0.457906509193317
Myeloid	NDUFA4L2	0.0924292652436634	6.18447846745607	53036	-0.550691123115446
Myeloid	EPCAM	0.00447096769154571	0.348819669658345	53036	-0.45220578622429
Myeloid	RGS5	0.156563663029515	9.64439248812128	53036	-0.572685964487008
Myeloid	PDGFRB	0.0106110135177547	0.774945320159891	53036	-0.644534538546249
Myeloid	PDGFRA	0.000892187575135369	0.0735349573874349	53036	-0.380669196795953
Myeloid	ACTA2	0.0455359650664661	3.58812881816125	53036	-0.649120508607821
Nonmalignant_epithelial	PECAM1	0.0275516828012189	1.98056523996736	13481	-0.71207344549501
Nonmalignant_epithelial	CDH5	0.00431117404044966	0.324924676552254	16927	-0.394097368788664
Nonmalignant_epithelial	CD68	0.0205779255496838	1.55373072605896	16927	-0.503798941161831
Nonmalignant_epithelial	LYZ	0.0335263129681219	2.81798310391682	16927	-0.516561310150415
Nonmalignant_epithelial	CD3D	0.00665751509340148	0.537602646659184	16927	-0.406026460736261
Nonmalignant_epithelial	PTPRC	0.0689688849496515	4.99202457612099	16927	-0.686391482716724
Nonmalignant_epithelial	CA9	0.00264010641262448	0.200862527323211	16927	-0.486490901063899
Nonmalignant_epithelial	NDUFA4L2	0.0077882503008909	0.472617711348733	16927	-0.639264207542261
Nonmalignant_epithelial	EPCAM	0.371830697629245	23.9853488509482	16927	2.44797942628473
Nonmalignant_epithelial	RGS5	0.0328568299524888	2.53441247710758	16927	-0.649489918038953
Nonmalignant_epithelial	PDGFRB	0.0168102211279072	1.21699060672299	16927	-0.631278632146438
Nonmalignant_epithelial	PDGFRA	0.00393614904148296	0.336740119335972	16927	-0.325059294532959
Nonmalignant_epithelial	ACTA2	0.046890505944256	3.68051042712826	16927	-0.647362647105512
Pericyte	PECAM1	0.0447901920724309	1.54291224686596	1037	-0.675358389205593
Pericyte	CDH5	0.00540239871125975	0.273473108477666	14261	-0.386925688986923
Pericyte	CD68	0.042547615817444	2.71369469181684	14261	-0.422789739603609
Pericyte	LYZ	0.103417101001208	6.01640838650866	14261	-0.402494705079319
Pericyte	CD3D	0.0389324388753164	2.47528223827221	14261	-0.338850081322755
Pericyte	PTPRC	0.0460870955689936	2.81186452562934	14261	-0.72218065283115
Pericyte	CA9	0.00219110307001486	0.0981698338124956	14261	-0.491116612882839
Pericyte	NDUFA4L2	2.77918773704456	85.7443377042283	14261	2.26088297152625
Pericyte	EPCAM	0.00196555541225032	0.126218357758923	14261	-0.471985198749673
Pericyte	RGS5	4.64541357182399	96.87960171096	14261	2.21423704793899
Pericyte	PDGFRB	1.15264393201771	53.8181053222074	14261	1.79750038352107
Pericyte	PDGFRA	0.00148681493468899	0.084145571839282	14261	-0.369805994448206
Pericyte	ACTA2	2.20991398710851	73.7185330621976	14261	2.1597107815928
Stromal_fibro_myo	PECAM1	0.106386928137489	7.9428117553614	2518	-0.544167948298404
Stromal_fibro_myo	CDH5	0.0149451797822903	1.06164383561644	2920	-0.324209208971174
Stromal_fibro_myo	CD68	0.0427405709964335	3.52739726027397	2920	-0.422078252787184
Stromal_fibro_myo	LYZ	0.0424745195864611	3.45890410958904	2920	-0.501957217405811
Stromal_fibro_myo	CD3D	0.0213572932502158	1.67808219178082	2920	-0.375430637135591
Stromal_fibro_myo	PTPRC	0.266603052105229	16.8493150684932	2920	-0.377273925908306
Stromal_fibro_myo	CA9	0.062838938080285	5	2920	0.133688105874107
Stromal_fibro_myo	NDUFA4L2	0.252380359401485	13.458904109589	2920	-0.383309366450773
Stromal_fibro_myo	EPCAM	0.0338284884282329	2.36301369863014	2920	-0.220437738237902
Stromal_fibro_myo	RGS5	1.17302792576161	48.1849315068493	2920	0.0583905256328153
Stromal_fibro_myo	PDGFRB	0.938211744449311	51.3698630136986	2920	1.33897516767604
Stromal_fibro_myo	PDGFRA	0.157049767819686	10.6506849315068	2920	2.47216184953293
Stromal_fibro_myo	ACTA2	0.881317443942875	42.8424657534247	2920	0.435518655960726
Unresolved	PECAM1	0.202293999055215	11.3515312916112	3004	-0.339902402368755
Unresolved	CDH5	0.0419977004019319	2.47371675943105	4851	-0.146416293448053
Unresolved	CD68	0.245947846478845	14.904143475572	4851	0.327211288258763
Unresolved	LYZ	0.59961700282783	22.9024943310658	4851	0.407337889899859
Unresolved	CD3D	0.0447935205214318	3.19521748093177	4851	-0.326650943469062
Unresolved	PTPRC	0.480541397770856	24.4691816120388	4851	-0.042655172118965
Unresolved	CA9	0.0280100267787197	1.62853019995877	4851	-0.225125496073928
Unresolved	NDUFA4L2	1.21159880561377	43.454957740672	4851	0.620470378836571
Unresolved	EPCAM	0.00900577949996436	0.618429189857761	4851	-0.416404926531483
Unresolved	RGS5	2.0907382403794	51.3708513708514	4851	0.62815517504518
Unresolved	PDGFRB	0.314622674571388	16.1822304679448	4851	0.00554049955668798
Unresolved	PDGFRA	0.00791538822027018	0.432900432900433	4851	-0.25236287433847
Unresolved	ACTA2	0.922732135458811	31.1894454751598	4851	0.489264757713421
