donor_id	condition	n_aliquots	n_matched	fully_unmatched
C3L-00004	Tumor	1	1	FALSE
C3L-00010	Tumor	1	1	FALSE
C3L-00026	Tumor	1	1	FALSE
C3L-00079	Adjacent	1	1	FALSE
C3L-00079	Tumor	1	1	FALSE
C3L-00088	Adjacent	1	1	FALSE
C3L-00088	Tumor	2	1	FALSE
C3L-00096	Tumor	1	1	FALSE
C3L-00416	Tumor	2	1	FALSE
C3L-00448	Tumor	1	1	FALSE
C3L-00583	Tumor	1	1	FALSE
C3L-00610	Tumor	1	1	FALSE
C3L-00790	Tumor	1	1	FALSE
C3L-00813	Tumor	1	1	FALSE
C3L-00908	Tumor	1	0	TRUE
C3L-00917	Tumor	1	1	FALSE
C3L-01287	Tumor	1	1	FALSE
C3L-01302	Tumor	1	1	FALSE
C3L-01313	Tumor	1	1	FALSE
C3N-00177	Tumor	1	1	FALSE
C3N-00242	Adjacent	1	1	FALSE
C3N-00242	Tumor	1	0	TRUE
C3N-00317	Tumor	1	1	FALSE
C3N-00437	Tumor	1	1	FALSE
C3N-00495	Tumor	1	1	FALSE
C3N-00733	Tumor	2	1	FALSE
C3N-01200	Adjacent	1	1	FALSE
C3N-01200	Tumor	3	1	FALSE
C3N-01213	Tumor	1	1	FALSE
