assay	donor_id	condition	SPARC	FN1	panel_mean
bulk_RNA	C3L-00004	Tumor	14.7016	14.5516	10.88881
bulk_RNA	C3L-00010	Tumor	15.2914	14.9914	11.47492
bulk_RNA	C3L-00026	Tumor	14.2914	14.5614	10.40474
bulk_RNA	C3L-00079	Tumor	16.4815	17.4815	13.1319
bulk_RNA	C3L-00088	Tumor	15.1615	15.0115	10.99605
bulk_RNA	C3L-00096	Tumor	13.8114	15.3514	11.56771
bulk_RNA	C3L-00416	Tumor	14.2715	15.5515	12.17063
bulk_RNA	C3L-00448	Tumor	15.8416	15.7816	12.16371
bulk_RNA	C3L-00583	Tumor	15.0215	15.5215	12.04664
bulk_RNA	C3L-00610	Tumor	15.6415	15.0615	11.79175
bulk_RNA	C3L-00790	Tumor	16.3216	17.1416	14.0796
bulk_RNA	C3L-00813	Tumor	15.5015	17.2115	12.47462
bulk_RNA	C3L-00908	Tumor	14.5114	16.8414	11.65826
bulk_RNA	C3L-00917	Tumor	15.2418	15.6218	12.34672
bulk_RNA	C3L-01287	Tumor	14.9814	16.2314	12.54057
bulk_RNA	C3L-01302	Tumor	15.0315	16.7915	13.68252
bulk_RNA	C3L-01313	Tumor	15.0317	16.2517	12.8647
bulk_RNA	C3N-00177	Tumor	14.4514	15.6014	12.92952
bulk_RNA	C3N-00242	Tumor	14.5816	14.4116	9.99212
bulk_RNA	C3N-00317	Tumor	15.1915	16.0215	13.06256
bulk_RNA	C3N-00437	Tumor	14.4414	14.3614	10.61844
bulk_RNA	C3N-00495	Tumor	16.0714	17.7814	13.85245
bulk_RNA	C3N-00733	Tumor	15.3614	16.2614	12.42768
bulk_RNA	C3N-01200	Tumor	15.9115	19.4815	14.28751
bulk_RNA	C3N-01213	Tumor	15.4216	15.4316	12.87161
bulk_RNA	C3L-00079	Adjacent	14.4115	13.9715	13.01056
bulk_RNA	C3L-00088	Adjacent	13.6516	14.0116	12.29366
bulk_RNA	C3N-00242	Adjacent	13.6915	13.9215	12.04464
bulk_RNA	C3N-01200	Adjacent	13.8915	14.3115	12.75456
protein	C3L-00004	Tumor	25.0086741231707	28.0374443482009	26.3430230114605
protein	C3L-00010	Tumor	25.1064747188652	28.8469979723264	26.1454905419353
protein	C3L-00026	Tumor	24.6073225926604	28.0945657726845	25.588835064786
protein	C3L-00079	Tumor	26.501140973285	29.590487498648	26.7490245763084
protein	C3L-00088	Tumor	24.9698859145763	28.6891380627315	26.2317697252353
protein	C3L-00096	Tumor	24.9154256413112	28.6252999972728	26.1780115554036
protein	C3L-00416	Tumor	24.6486364566964	28.6173787831465	26.0551896204967
protein	C3L-00448	Tumor	25.4453301960665	28.7540840778117	26.6192919022264
protein	C3L-00583	Tumor	25.0196412602694	29.0602736261048	26.1762096377974
protein	C3L-00610	Tumor	25.8164891742096	28.7040866588156	26.7298748959965
protein	C3L-00790	Tumor	25.7146723757721	29.2430318110831	27.3311618089655
protein	C3L-00813	Tumor	25.131473558918	28.9484764532385	26.357071452051
protein	C3L-00917	Tumor	24.9719718208545	28.6275726773815	26.2844538195033
protein	C3L-01287	Tumor	25.126322047297	28.738419250406	26.2239122754409
protein	C3L-01302	Tumor	25.1430377417074	29.7276936199503	26.3677161554426
protein	C3L-01313	Tumor	25.3746408430545	29.1744085339793	26.6976235667572
protein	C3N-00177	Tumor	24.5498005364704	28.7400858663652	26.3339500073067
protein	C3N-00317	Tumor	25.3776234616279	28.8548287398735	26.3161690460356
protein	C3N-00437	Tumor	24.9089768387362	28.4574403365598	25.2752500695306
protein	C3N-00495	Tumor	24.771023343432	29.4305946108217	26.949096640811
protein	C3N-00733	Tumor	25.1996262667688	29.2831521187963	26.5863968538734
protein	C3N-01200	Tumor	25.5104514356396	29.8573226676998	26.678586743943
protein	C3N-01213	Tumor	25.3702522391328	29.0595389475586	26.5240425425588
protein	C3L-00079	Adjacent	24.720833875793	28.683465355454	26.6673154838288
protein	C3L-00088	Adjacent	24.451471485221	28.3063401518924	26.4158309350059
protein	C3N-00242	Adjacent	24.4862600540078	28.2907693290658	26.5150991841519
protein	C3N-01200	Adjacent	24.7356367770017	28.4829595365822	26.3350437711788
