cohort	sample_id	donor_id	condition	bulk_sample_id	author_parent_specimen	snRNA_parent_specimen	protein_aliquot	protein_parent_specimen	matching_status	primary_specimen_link	bulk_RNA_provenance
A	CPT0001540013	C3L-00004	Tumor	C3L-00004__Tumor	C3L-00004-01	C3L-00004-01	CPT0001540009	C3L-00004-01	same_parent_specimen	True	donor_condition_column; exact_RNA_aliquot_not_reconciled
A	CPT0001220012	C3L-00010	Tumor	C3L-00010__Tumor	C3L-00010-01	C3L-00010-01	CPT0001220008	C3L-00010-01	same_parent_specimen	True	donor_condition_column; exact_RNA_aliquot_not_reconciled
A	CPT0001500003	C3L-00026	Tumor	C3L-00026__Tumor	C3L-00026-01	C3L-00026-01	CPT0001500009	C3L-00026-01	same_parent_specimen	True	donor_condition_column; exact_RNA_aliquot_not_reconciled
A	CPT0001270002	C3L-00079	Adjacent	C3L-00079__Adjacent	C3L-00079-06	C3L-00079-06	CPT0001270001	C3L-00079-06	same_parent_specimen	True	donor_condition_column; exact_RNA_aliquot_not_reconciled
A	CPT0001260013	C3L-00079	Tumor	C3L-00079__Tumor	C3L-00079-01	C3L-00079-01	CPT0001260009	C3L-00079-01	same_parent_specimen	True	donor_condition_column; exact_RNA_aliquot_not_reconciled
A	CPT0000890002	C3L-00088	Adjacent	C3L-00088__Adjacent	C3L-00088-06	C3L-00088-06	CPT0000890001	C3L-00088-06	same_parent_specimen	True	donor_condition_column; exact_RNA_aliquot_not_reconciled
A	CPT0000870003	C3L-00088	Tumor	C3L-00088__Tumor	C3L-00088-01	C3L-00088-01	CPT0000870016	C3L-00088-01	same_parent_specimen	True	donor_condition_column; exact_RNA_aliquot_not_reconciled
A	CPT0001180011	C3L-00096	Tumor	C3L-00096__Tumor	C3L-00096-01	C3L-00096-01	CPT0001180009	C3L-00096-01	same_parent_specimen	True	donor_condition_column; exact_RNA_aliquot_not_reconciled
A	CPT0010110013	C3L-00416	Tumor	C3L-00416__Tumor	C3L-00416-02	C3L-00416-02	CPT0010110003	C3L-00416-02	same_parent_specimen	True	donor_condition_column; exact_RNA_aliquot_not_reconciled
A	CPT0010160004	C3L-00448	Tumor	C3L-00448__Tumor	C3L-00448-01	C3L-00448-01	CPT0010160003	C3L-00448-01	same_parent_specimen	True	donor_condition_column; exact_RNA_aliquot_not_reconciled
A	CPT0019130004	C3L-00583	Tumor	C3L-00583__Tumor	C3L-00583-01	C3L-00583-01	CPT0019130003	C3L-00583-01	same_parent_specimen	True	donor_condition_column; exact_RNA_aliquot_not_reconciled
A	CPT0025110004	C3L-00610	Tumor	C3L-00610__Tumor	C3L-00610-01	C3L-00610-01	CPT0025110003	C3L-00610-01	same_parent_specimen	True	donor_condition_column; exact_RNA_aliquot_not_reconciled
A	CPT0065690004	C3L-00790	Tumor	C3L-00790__Tumor	C3L-00790-01	C3L-00790-01	CPT0065690003	C3L-00790-01	same_parent_specimen	True	donor_condition_column; exact_RNA_aliquot_not_reconciled
A	CPT0015810004	C3L-00813	Tumor	C3L-00813__Tumor	C3L-00813-01	C3L-00813-01	CPT0015810003	C3L-00813-01	same_parent_specimen	True	donor_condition_column; exact_RNA_aliquot_not_reconciled
A	CPT0023690004	C3L-00917	Tumor	C3L-00917__Tumor	C3L-00917-01	C3L-00917-01	CPT0023690003	C3L-00917-01	same_parent_specimen	True	donor_condition_column; exact_RNA_aliquot_not_reconciled
A	CPT0079410004	C3L-01287	Tumor	C3L-01287__Tumor	C3L-01287-02	C3L-01287-02	CPT0079410003	C3L-01287-02	same_parent_specimen	True	donor_condition_column; exact_RNA_aliquot_not_reconciled
A	CPT0063630004	C3L-01302	Tumor	C3L-01302__Tumor	C3L-01302-03	C3L-01302-03	CPT0063630003	C3L-01302-03	same_parent_specimen	True	donor_condition_column; exact_RNA_aliquot_not_reconciled
A	CPT0086820004	C3L-01313	Tumor	C3L-01313__Tumor	C3L-01313-03	C3L-01313-03	CPT0086820003	C3L-01313-03	same_parent_specimen	True	donor_condition_column; exact_RNA_aliquot_not_reconciled
A	CPT0020120013	C3N-00177	Tumor	C3N-00177__Tumor	C3N-00177-03	C3N-00177-03	CPT0020120003	C3N-00177-03	same_parent_specimen	True	donor_condition_column; exact_RNA_aliquot_not_reconciled
A	CPT0014470002	C3N-00242	Adjacent	C3N-00242__Adjacent	C3N-00242-06	C3N-00242-06	CPT0014470001	C3N-00242-06	same_parent_specimen	True	donor_condition_column; exact_RNA_aliquot_not_reconciled
A	CPT0012280004	C3N-00317	Tumor	C3N-00317__Tumor	C3N-00317-04	C3N-00317-04	CPT0012280003	C3N-00317-04	same_parent_specimen	True	donor_condition_column; exact_RNA_aliquot_not_reconciled
A	CPT0012550012	C3N-00437	Tumor	C3N-00437__Tumor	C3N-00437-02	C3N-00437-02	CPT0012550003	C3N-00437-02	same_parent_specimen	True	donor_condition_column; exact_RNA_aliquot_not_reconciled
A	CPT0078510004	C3N-00495	Tumor	C3N-00495__Tumor	C3N-00495-01	C3N-00495-01	CPT0078510003	C3N-00495-01	same_parent_specimen	True	donor_condition_column; exact_RNA_aliquot_not_reconciled
A	CPT0025880013	C3N-00733	Tumor	C3N-00733__Tumor	C3N-00733-01	C3N-00733-01	CPT0025880003	C3N-00733-01	same_parent_specimen	True	donor_condition_column; exact_RNA_aliquot_not_reconciled
A	CPT0075170013	C3N-01200	Adjacent	C3N-01200__Adjacent	C3N-01200-06	C3N-01200-06	CPT0075170001	C3N-01200-06	same_parent_specimen	True	donor_condition_column; exact_RNA_aliquot_not_reconciled
A	CPT0075130004	C3N-01200	Tumor	C3N-01200__Tumor	C3N-01200-02	C3N-01200-02	CPT0075130003	C3N-01200-02	same_parent_specimen	True	donor_condition_column; exact_RNA_aliquot_not_reconciled
A	CPT0075720013	C3N-01213	Tumor	C3N-01213__Tumor	C3N-01213-01	C3N-01213-01	CPT0075720003	C3N-01213-01	same_parent_specimen	True	donor_condition_column; exact_RNA_aliquot_not_reconciled
