population	cohort	donor_id	Tumor	Adjacent	qualifies_ge10	qualifies_ge20
Stromal_fibro_myo	A	C3L-00079	49	398	TRUE	TRUE
Stromal_fibro_myo	A	C3L-00790	320	0	FALSE	FALSE
Stromal_fibro_myo	A	C3L-00088	300	14	TRUE	FALSE
Stromal_fibro_myo	A	C3N-01200	215	39	TRUE	TRUE
Stromal_fibro_myo	A	C3N-00242	6	220	FALSE	FALSE
Stromal_fibro_myo	A	C3N-00495	197	0	FALSE	FALSE
Stromal_fibro_myo	A	C3L-00448	118	0	FALSE	FALSE
Stromal_fibro_myo	A	C3N-00733	116	0	FALSE	FALSE
Stromal_fibro_myo	A	C3L-00813	103	0	FALSE	FALSE
Stromal_fibro_myo	A	C3L-00610	78	0	FALSE	FALSE
Stromal_fibro_myo	A	C3L-00004	57	0	FALSE	FALSE
Stromal_fibro_myo	A	C3L-00416	39	0	FALSE	FALSE
Stromal_fibro_myo	A	C3L-01313	33	0	FALSE	FALSE
Stromal_fibro_myo	A	C3N-00317	31	0	FALSE	FALSE
Stromal_fibro_myo	A	C3L-00908	25	0	FALSE	FALSE
Stromal_fibro_myo	A	C3L-01302	22	0	FALSE	FALSE
Stromal_fibro_myo	A	C3N-00437	22	0	FALSE	FALSE
Stromal_fibro_myo	A	C3L-00917	20	0	FALSE	FALSE
Stromal_fibro_myo	A	C3L-00583	19	0	FALSE	FALSE
Stromal_fibro_myo	A	C3L-00026	18	0	FALSE	FALSE
Stromal_fibro_myo	A	C3L-00010	15	0	FALSE	FALSE
Stromal_fibro_myo	A	C3L-01287	14	0	FALSE	FALSE
Stromal_fibro_myo	A	C3N-00177	12	0	FALSE	FALSE
Stromal_fibro_myo	A	C3L-00096	10	0	FALSE	FALSE
Stromal_fibro_myo	A	C3N-01213	8	0	FALSE	FALSE
Stromal_fibro_myo	B	RCC-PR5	82	4	FALSE	FALSE
Stromal_fibro_myo	B	RCC-PR3	70	6	FALSE	FALSE
Stromal_fibro_myo	B	RCC-BM1	6	47	FALSE	FALSE
Stromal_fibro_myo	B	RCC-BM2	41	10	TRUE	FALSE
Stromal_fibro_myo	B	RCC-PR9	36	8	FALSE	FALSE
Stromal_fibro_myo	B	RCC-PR7	40	0	FALSE	FALSE
Stromal_fibro_myo	B	RCC-PR1	14	5	FALSE	FALSE
Stromal_fibro_myo	B	RCC-PR2	17	2	FALSE	FALSE
Stromal_fibro_myo	B	RCC-PR4	5	2	FALSE	FALSE
Stromal_fibro_myo	B	RCC-PR8	0	4	FALSE	FALSE
Stromal_fibro_myo	B	RCC-PR6	0	3	FALSE	FALSE
Stromal_fibro_myo	C	Patient SS_2005	0	0	FALSE	FALSE
Stromal_fibro_myo	C	Patient SS_2006	0	0	FALSE	FALSE
Stromal_fibro_myo	C	Patient SS_2007	0	0	FALSE	FALSE
Stromal_fibro_myo	C	Patient SS_2014	0	0	FALSE	FALSE
Stromal_fibro_myo	C	Patient SS_2017	0	0	FALSE	FALSE
Stromal_fibro_myo	C	Patient SS_2022	0	0	FALSE	FALSE
Stromal_fibro_myo	C	Patient SS_2023	0	0	FALSE	FALSE
Stromal_fibro_myo	C	Patient SS_2026	0	0	FALSE	FALSE
Pericyte	A	C3L-00610	0	0	FALSE	FALSE
Pericyte	A	C3L-00790	0	0	FALSE	FALSE
Pericyte	A	C3N-00242	0	0	FALSE	FALSE
Pericyte	A	C3N-00733	0	0	FALSE	FALSE
Pericyte	A	C3N-01200	0	0	FALSE	FALSE
Pericyte	A	C3N-01213	0	0	FALSE	FALSE
Pericyte	A	C3L-00004	0	0	FALSE	FALSE
Pericyte	A	C3L-00010	0	0	FALSE	FALSE
Pericyte	A	C3L-00026	0	0	FALSE	FALSE
Pericyte	A	C3L-00079	0	0	FALSE	FALSE
Pericyte	A	C3L-00088	0	0	FALSE	FALSE
Pericyte	A	C3L-00096	0	0	FALSE	FALSE
Pericyte	A	C3L-00416	0	0	FALSE	FALSE
Pericyte	A	C3L-00448	0	0	FALSE	FALSE
Pericyte	A	C3L-00583	0	0	FALSE	FALSE
Pericyte	A	C3L-00908	0	0	FALSE	FALSE
Pericyte	A	C3L-00917	0	0	FALSE	FALSE
Pericyte	A	C3L-01287	0	0	FALSE	FALSE
Pericyte	A	C3L-01302	0	0	FALSE	FALSE
Pericyte	A	C3L-01313	0	0	FALSE	FALSE
Pericyte	A	C3N-00177	0	0	FALSE	FALSE
Pericyte	A	C3N-00317	0	0	FALSE	FALSE
Pericyte	A	C3N-00437	0	0	FALSE	FALSE
Pericyte	A	C3N-00495	0	0	FALSE	FALSE
Pericyte	A	C3L-00813	0	0	FALSE	FALSE
Pericyte	B	RCC-PR3	4736	239	TRUE	TRUE
Pericyte	B	RCC-PR5	2328	93	TRUE	TRUE
Pericyte	B	RCC-PR2	1445	98	TRUE	TRUE
Pericyte	B	RCC-PR9	974	189	TRUE	TRUE
Pericyte	B	RCC-PR7	1105	0	FALSE	FALSE
Pericyte	B	RCC-BM1	131	637	TRUE	TRUE
Pericyte	B	RCC-BM2	213	211	TRUE	TRUE
Pericyte	B	RCC-PR4	270	67	TRUE	TRUE
Pericyte	B	RCC-PR6	154	93	TRUE	TRUE
Pericyte	B	RCC-PR1	22	159	TRUE	TRUE
Pericyte	B	RCC-PR8	0	60	FALSE	FALSE
Pericyte	C	Patient SS_2007	6	343	FALSE	FALSE
Pericyte	C	Patient SS_2023	288	0	FALSE	FALSE
Pericyte	C	Patient SS_2026	211	0	FALSE	FALSE
Pericyte	C	Patient SS_2017	21	33	TRUE	TRUE
Pericyte	C	Patient SS_2022	39	7	FALSE	FALSE
Pericyte	C	Patient SS_2006	20	25	TRUE	TRUE
Pericyte	C	Patient SS_2014	0	37	FALSE	FALSE
Pericyte	C	Patient SS_2005	7	0	FALSE	FALSE
Endothelial	A	C3L-00088	556	0	FALSE	FALSE
Endothelial	A	C3L-00790	310	0	FALSE	FALSE
Endothelial	A	C3L-00079	23	261	TRUE	TRUE
Endothelial	A	C3N-01200	173	26	TRUE	TRUE
Endothelial	A	C3N-00733	160	0	FALSE	FALSE
Endothelial	A	C3N-00495	153	0	FALSE	FALSE
Endothelial	A	C3N-00437	125	0	FALSE	FALSE
Endothelial	A	C3N-00242	9	104	FALSE	FALSE
Endothelial	A	C3L-00448	100	0	FALSE	FALSE
Endothelial	A	C3L-00813	88	0	FALSE	FALSE
Endothelial	A	C3N-01213	85	0	FALSE	FALSE
Endothelial	A	C3L-00416	68	0	FALSE	FALSE
Endothelial	A	C3L-00004	50	0	FALSE	FALSE
Endothelial	A	C3L-00610	49	0	FALSE	FALSE
Endothelial	A	C3N-00317	33	0	FALSE	FALSE
Endothelial	A	C3L-00010	32	0	FALSE	FALSE
Endothelial	A	C3L-00026	25	0	FALSE	FALSE
Endothelial	A	C3L-00917	16	0	FALSE	FALSE
Endothelial	A	C3L-01287	16	0	FALSE	FALSE
Endothelial	A	C3L-01302	16	0	FALSE	FALSE
Endothelial	A	C3L-00908	15	0	FALSE	FALSE
Endothelial	A	C3L-01313	15	0	FALSE	FALSE
Endothelial	A	C3L-00583	14	0	FALSE	FALSE
Endothelial	A	C3L-00096	12	0	FALSE	FALSE
Endothelial	A	C3N-00177	5	0	FALSE	FALSE
Endothelial	B	RCC-PR3	1650	207	TRUE	TRUE
Endothelial	B	RCC-BM1	48	912	TRUE	TRUE
Endothelial	B	RCC-PR5	716	95	TRUE	TRUE
Endothelial	B	RCC-PR9	317	344	TRUE	TRUE
Endothelial	B	RCC-PR6	58	241	TRUE	TRUE
Endothelial	B	RCC-PR2	137	101	TRUE	TRUE
Endothelial	B	RCC-PR1	9	220	FALSE	FALSE
Endothelial	B	RCC-PR7	216	0	FALSE	FALSE
Endothelial	B	RCC-BM2	100	90	TRUE	TRUE
Endothelial	B	RCC-PR4	157	23	TRUE	TRUE
Endothelial	B	RCC-PR8	0	66	FALSE	FALSE
Endothelial	C	Patient SS_2023	1048	0	FALSE	FALSE
Endothelial	C	Patient SS_2026	676	0	FALSE	FALSE
Endothelial	C	Patient SS_2007	83	521	TRUE	TRUE
Endothelial	C	Patient SS_2006	140	266	TRUE	TRUE
Endothelial	C	Patient SS_2017	233	36	TRUE	TRUE
Endothelial	C	Patient SS_2022	244	9	FALSE	FALSE
Endothelial	C	Patient SS_2014	0	139	FALSE	FALSE
Endothelial	C	Patient SS_2005	15	0	FALSE	FALSE
