sample_id	donor_id	condition	median_n_count	median_n_feature	median_percent_mt	n_cells
CPT0000890002	C3L-00088	Adjacent	1346.5	907	0	1138
CPT0079410004	C3L-01287	Tumor	1317	939	0.0733675715333822	1288
CPT0014450005	C3N-00242	Tumor	3213	1899	0.351597590222435	1976
CPT0086350004	C3L-00908	Tumor	4771.5	2306.5	0.331086678390614	2168
CPT0075170013	C3N-01200	Adjacent	1882.5	1201.5	0	2336
CPT0075140002	C3N-01200	Tumor	5712	2373	0.65071368597817	2347
CPT0020120013	C3N-00177	Tumor	3685	2130	0.85971615720524	2421
CPT0010110013	C3L-00416	Tumor	6139	2785	0.223880597014925	2755
CPT0063630004	C3L-01302	Tumor	1503.5	1078	0	2796
CPT0023690004	C3L-00917	Tumor	1551	1077	0	3010
CPT0001260013	C3L-00079	Tumor	2761	1593	0.25062656641604	3053
CPT0014470002	C3N-00242	Adjacent	4596	2276	0.24975024975025	3145
CPT0075720013	C3N-01213	Tumor	1439	1029	0	3199
CPT0025890002	C3N-00733	Tumor	6630	2805	0.0852514919011083	3483
CPT0012550012	C3N-00437	Tumor	3762	2054	0.121239104857604	3556
CPT0019130004	C3L-00583	Tumor	5973	2713.5	0.13077594344026	3650
CPT0001220012	C3L-00010	Tumor	4041	2081.5	0.212060971253301	3662
CPT0075120002	C3N-01200	Tumor	5576	2456	0.0742923816686708	4112
CPT0000880001	C3L-00088	Tumor	6376	2777	0.0687462450088525	4284
CPT0001500003	C3L-00026	Tumor	4761	2471	0.428643469490671	4369
CPT0075130004	C3N-01200	Tumor	2968	1711	0.0732600732600733	4381
CPT0001180011	C3L-00096	Tumor	6300	2682	0.0229095074455899	4453
CPT0025880013	C3N-00733	Tumor	5551	2570	0.105329681904361	4469
CPT0001540013	C3L-00004	Tumor	3910	1977	0.200233605873519	4483
CPT0086820004	C3L-01313	Tumor	4504	2352.5	0.034912145351535	4486
CPT0000870003	C3L-00088	Tumor	5527	2452	0.0243694407213354	4507
CPT0065690004	C3L-00790	Tumor	2976	1754	0	4535
CPT0078510004	C3N-00495	Tumor	2018.5	1364	0	4590
CPT0015810004	C3L-00813	Tumor	3988	2067	0.115874855156431	4701
CPT0012280004	C3N-00317	Tumor	4863	2358	0.122309197651663	4733
CPT0010100001	C3L-00416	Tumor	6580	2835	0.0676418408280592	4848
CPT0010160004	C3L-00448	Tumor	2816.5	1665	0	4926
CPT0001270002	C3L-00079	Adjacent	4668	2406	0.181676615624189	4995
CPT0025110004	C3L-00610	Tumor	2627	1506	0	5233
